Unnamed: 0.1,Unnamed: 0,CoinName,Algorithm,IsTrading,ProofType,TotalCoinsMined,TotalCoinSupply
0,42,42 Coin,Scrypt,True,PoW/PoS,41.99995383,42
1,365,365Coin,X11,True,PoW/PoS,,2300000000
2,404,404Coin,Scrypt,True,PoW/PoS,1055184902.04,532000000
3,611,SixEleven,SHA-256,True,PoW,,611000
4,808,808,SHA-256,True,PoW/PoS,0.0,0
5,1337,EliteCoin,X13,True,PoW/PoS,29279424622.5027,314159265359
6,2015,2015 coin,X11,True,PoW/PoS,,0
7,BTC,Bitcoin,SHA-256,True,PoW,17927175.0,21000000
8,ETH,Ethereum,Ethash,True,PoW,107684222.6865,0
9,LTC,Litecoin,Scrypt,True,PoW,63039243.3000049,84000000
10,DASH,Dash,X11,True,PoW/PoS,9031294.37563393,22000000
11,XMR,Monero,CryptoNight-V7,True,PoW,17201143.1449131,0
12,ETC,Ethereum Classic,Ethash,True,PoW,113359703.0,210000000
13,ZEC,ZCash,Equihash,True,PoW,7383056.25,21000000
14,BTS,Bitshares,SHA-512,True,PoS,2741570000.0,3600570502
15,DGB,DigiByte,Multiple,True,PoW,11406219141.0,21000000000
16,BTCD,BitcoinDark,SHA-256,True,PoW/PoS,1288862.0,22000000
17,CRAIG,CraigsCoin,X11,True,PoS,,30000000
18,XBS,Bitstake,X11,True,PoW/PoS,0.0,1300000
19,XPY,PayCoin,SHA-256,True,PoS,11995334.8847328,12500000
20,PRC,ProsperCoin,Scrypt,True,PoW,5768310.0,21000000
21,YBC,YbCoin,Multiple,True,PoS,,200000000
22,DANK,DarkKush,X13,True,PoW/PoS,,3000000
23,GIVE,GiveCoin,X11,True,PoW,,500000000
24,KOBO,KoboCoin,X15,True,PoW/PoS,25542535.5881841,350000000
25,DT,DarkToken,NIST5,True,PoW/PoS,,0
26,CETI,CETUS Coin,Scrypt,True,PoW/PoS,,0
27,SPR,Spreadcoin,X11,True,PoW,11149733.9976203,20000000
28,WOLF,Insanity Coin,X11,True,PoW,,50000000
29,ACOIN,ACoin,SHA-256,True,PoW,0.0,1600000
30,AERO,Aero Coin,X13,True,PoS,0.0,7000000
31,ALF,AlphaCoin,Scrypt,True,PoW,,210182000
32,AGS,Aegis,X13,True,PoS,,0
33,AMC,AmericanCoin,Scrypt,True,PoW,,168000000
34,ALN,AlienCoin,Scrypt,True,PoW,,200000000
35,APEX,ApexCoin,X13,True,PoW/PoS,0.0,6000000
36,ARCH,ArchCoin,Scrypt,True,PoS,0.0,16403135
37,ARG,Argentum,Scrypt,True,PoW,12205795.4449549,64000000
38,ARI,AriCoin,Scrypt,True,PoW,,322649400
39,AUR,Aurora Coin,Scrypt,True,PoW/PoS,18135099.992959,16768584
40,BET,BetaCoin,SHA-256,True,PoW,0.0,32000000
41,BEAN,BeanCash,SHA-256,True,PoW/PoS,,50000000000
42,BLU,BlueCoin,Scrypt,True,PoW/PoS,635423900.0,0
43,BQC,BQCoin,Scrypt,True,PoW,,88000000
44,XMY,MyriadCoin,Multiple,True,PoW,1688254250.0,2000000000
45,MOON,MoonCoin,Scrypt,True,PoW,88.0,384000000000
46,ZET,ZetaCoin,SHA-256,True,PoW,170204389.754849,169795588
47,SXC,SexCoin,Scrypt,True,PoW,128940951.183046,250000000
48,QTL,Quatloo,Scrypt,True,PoW,7357794.7925,100000000
49,ENRG,EnergyCoin,Scrypt,True,PoW/PoS,123062801.128773,0
50,QRK,QuarkCoin,Quark,True,PoW,259557164.91477,247000000
51,RIC,Riecoin,Groestl,True,PoW,49548585.1412917,84000000
52,DGC,Digitalcoin ,Scrypt,True,PoW,33442988.3440364,48166000
53,LIMX,LimeCoinX,X11,True,PoW,0.0,21000000 
54,BTB,BitBar,Scrypt,True,PoW/PoS,42579.476901,500000
55,CAIX,CAIx,Scrypt,True,PoS,,0
56,BTMK,BitMark,Scrypt,True,PoW,0.0,27580000
57,BUK,CryptoBuk,Scrypt,True,PoW/PoS,,100000000
58,CACH,Cachecoin,Scrypt,True,PoW,,2000000000
59,CAP,BottleCaps,Scrypt,True,PoW/PoS,,47433600
60,CASH,CashCoin,Scrypt,True,PoW/PoS,0.0,47433600
61,CAT,Catcoin,Scrypt,True,PoW,7219956.64626131,21000000 
62,CBX,CryptoBullion,Scrypt,True,PoW/PoS,1039116.65144562,1000000
63,CCN,CannaCoin,Scrypt,True,PoW,4703879.51824446,13140000
64,CIN,CinderCoin,Multiple,True,PoW/PoS,0.0,114000000
65,CINNI,CINNICOIN,Scrypt,True,PoW,,15000000
66,CLR,CopperLark,SHA-256,True,PoW,,27200000
67,CMC,CosmosCoin,Scrypt,True,PoW/PoS,,100000000
68,CNC,ChinaCoin,Scrypt,True,PoW,,462500000
69,CNL,ConcealCoin,X11,True,PoW,,8500000
70,COMM,Community Coin,Scrypt,True,PoW/PoS,,1000000000
71,COOL,CoolCoin,Scrypt,True,PoS,0.0,100000000
72,CRACK,CrackCoin,X11,True,PoW,,6000000
73,CRYPT,CryptCoin,X11,True,PoW,4996986.20575291,18000000
74,CSC,CasinoCoin,Scrypt,True,PoC,39999997299.8568,40000000000
75,DEM,eMark,SHA-256,True,PoW/PoS,0.0,0
76,DMD,Diamond,Groestl,True,PoW/PoS,3304487.74735637,4380000
77,XVG,Verge,Multiple,True,PoW,15929530669.1206,16555000000
78,DRKC,DarkCash,X11,True,PoW/PoS,0.0,3720000
79,DSB,DarkShibe,Scrypt,True,PoW,0.0,2043962
80,DVC,DevCoin,SHA-256,True,PoW,18773857500.0,21000000000
81,EAC,EarthCoin,Scrypt,True,PoW,12539015186.822,13500000000
82,EFL,E-Gulden,Scrypt,True,PoW,20910478.8062499,21000000 
83,ELC,Elacoin,Scrypt,True,PoW,0.0,75000000
84,EMC2,Einsteinium,Scrypt,True,PoW,218871896.499999,299792458
85,EMD,Emerald,Scrypt,True,PoW,19496786.31025,32000000
86,EXCL,Exclusive Coin,PoS,True,PoS,5679705.0,0
87,EXE,ExeCoin,Scrypt,True,PoW,,21000000 
88,EZC,EZCoin,Scrypt,True,PoW,,84000000
89,FLAP,Flappy Coin,Scrypt,True,PoW,0.0,100000000000
90,FC2,Fuel2Coin,X11,True,PoS,0.0,100000000
91,FFC,FireflyCoin,SHA-256,True,PoW,,700000000000
92,FIBRE,FIBRE,NIST5,True,PoW/PoS,0.0,624000
93,FRC,FireRoosterCoin,SHA-256,True,PoW,0.0,2602410
94,FLT,FlutterCoin,Scrypt,True,PoS/PoW/PoT,461829905.32893,0
95,FRK,Franko,Scrypt,True,PoW,1142732.14912776,11235813
96,FRAC,FractalCoin,X11,True,PoW,,1000000
97,FSTC,FastCoin,Scrypt,False,PoW,,165888000
98,FTC,FeatherCoin,NeoScrypt,True,PoW,208669093.00773,336000000
99,GDC,GrandCoin,Scrypt,True,PoW,884125802.0,1420609614
100,GLC,GlobalCoin,Scrypt,True,PoW,65672720.4708748,70000000
101,GLD,GoldCoin,Scrypt,True,PoW,41658647.9999715,72245700
102,GLX,GalaxyCoin,Scrypt,True,PoW/PoS,,538214400
103,GLYPH,GlyphCoin,X11,True,PoW/PoS,0.0,7000000
104,GML,GameLeagueCoin,Scrypt,True,PoW/PoS,,500000000
105,GUE,GuerillaCoin,X11,True,PoW/PoS,,19500000
106,HAL,Halcyon,X15,True,PoW/PoS,0.0,0
107,HBN,HoboNickels,Scrypt,True,PoW/PoS,89266933.684704,120000000
108,HUC,HunterCoin,Multiple,True,PoW,0.0,42000000
109,HVC,HeavyCoin,Multiple,True,PoW,,128000000
110,HYP,HyperStake,X11,True,PoS,1678520090.7713,0
111,ICB,IceBergCoin,NIST5,True,PoW/PoS,,8750000
112,IFC,Infinite Coin,Scrypt,True,PoW,90595753018.6314,90600000000
113,IOC,IOCoin,X11,True,PoW/PoS,17650913.9743456,22000000
114,IXC,IXcoin,SHA-256,True,PoW,21089348.999,21000000
115,JBS,JumBucks Coin,X11,True,PoW/PoS,0.0,3293010
116,JKC,JunkCoin,Scrypt,True,PoW,,107000000
117,JUDGE,JudgeCoin,X13,True,PoW/PoS,0.0,21600000
118,KDC,Klondike Coin,Scrypt,True,PoW,,20000000
119,KEYC,KeyCoin,X13,False,PoW/PoS,,1000000
120,KGC,KrugerCoin,Scrypt,True,PoW,151447649.8,265420800
121,LK7,Lucky7Coin,Scrypt,True,PoW/PoS,,99792000
122,LKY,LuckyCoin,Scrypt,True,PoW,19326319.14375,20000000
123,LSD,LightSpeedCoin,NIST5,True,PoW/PoS,,900000
124,LTB,Litebar ,Scrypt,True,PoW,1104344.22938102,1350000
125,LTCD,LitecoinDark,Scrypt,True,PoW,0.0,82003200
126,LTCX,LitecoinX,X11,True,PoW,,84000000
127,LXC,LibrexCoin,X11,True,PoW/PoS,0.0,1000000
128,LYC,LycanCoin,Scrypt,True,PoW,,4950000000
129,MAX,MaxCoin,SHA3,True,PoW/PoS,61445805.0,100000000
130,MEC,MegaCoin,Scrypt,True,PoW,38151999.9930997,42000000
131,MED,MediterraneanCoin,HybridScryptHash256,True,PoW,40431856.9,200000000
132,MINRL,Minerals Coin,X11,False,PoW/PoS,,1000000
133,MINT,MintCoin,Scrypt,True,PoS,21293925445.4969,0
134,MN,Cryptsy Mining Contract,SHA-256,True,PoW,,0
135,MINC,MinCoin,Scrypt,True,PoW,5804204.88794916,10000000
136,MRY,MurrayCoin,Scrypt,True,PoW,,58000000
137,MZC,MazaCoin,SHA-256,True,PoW/PoS,1613836099.99999,2419200000
138,NAN,NanoToken,Scrypt,True,PoW,,80000000
139,NAUT,Nautilus Coin,Scrypt,True,PoS,16180000.0,16180000
140,NAV,NavCoin,X13,True,PoW/PoS,66087096.2077108,0
141,NBL,Nybble,Scrypt,True,PoW,,210000000
142,NMB,Nimbus Coin,X15,True,PoW/PoS,,25000000
143,NRB,NoirBits,SHA-256,True,PoW,0.0,50000000
144,NOBL,NobleCoin,Scrypt,True,PoW,2366066305.76482,15000000000
145,NRS,NoirShares,Scrypt,True,PoW/PoS,,5000000
146,NMC,Namecoin,SHA-256,True,PoW,14736400.0,21000000
147,NYAN,NyanCoin,Scrypt,True,PoW,334709223.483138,337000000
148,OPAL,OpalCoin,X13,True,PoW/PoS,15156364.3306548,0
149,ORB,Orbitcoin,NeoScrypt,True,PoW/PoS,3220616.279225,3770000
150,PHS,PhilosophersStone,Scrypt,True,PoW,,8891840
151,POT,PotCoin,Scrypt,True,PoW/PoS,222677226.014206,420000000
152,PSEUD,PseudoCash,X13,True,PoW/PoS,,2200000
153,PXC,PhoenixCoin,Scrypt,True,PoW/PoS,73959274.625,98000000
154,PYC,PayCoin,Scrypt,True,PoW/PoS,,30000000
155,RDD,Reddcoin,Scrypt,True,PoW/PoS,29315567169.0888,0
156,RIPO,RipOffCoin,Scrypt,True,PoW,0.0,12000000
157,RPC,RonPaulCoin,Scrypt,True,PoW,1104157.42169891,21000000
158,RT2,RotoCoin,Scrypt-n,True,PoW/PoS,,288000
159,RYC,RoyalCoin,Scrypt,True,PoW,,140000000
160,RZR,RazorCoin,Scrypt,True,PoW,,4000000
161,SAT2,Saturn2Coin,Scrypt,True,PoW,,15000000000
162,SBC,StableCoin,Scrypt,True,PoW,24215181.725,250000000
163,SFR,SaffronCoin,Multiple,True,PoW,,111000000
164,SHADE,ShadeCoin,Scrypt,True,PoW/PoS,,2000000
165,SHLD,ShieldCoin,X15,True,PoW/PoS,0.0,1000000
166,SILK,SilkCoin,Scrypt,True,PoW/PoS,0.0,1000000
167,SLG,SterlingCoin,X13,True,PoS,,0
168,SMC,SmartCoin,Scrypt,True,PoW,25593737.1355044,51200000
169,SOLE,SoleCoin,X15,True,PoW/PoS,,1200000
170,SPA,SpainCoin,Scrypt-n,True,PoW,0.0,50000000
171,SPOTS,Spots,Scrypt,True,PoW,,100000000
172,SRC,SecureCoin,Scrypt,True,PoW,0.0,21000000
173,SSV,SSVCoin,X13,True,PoW,,21000000
174,SUPER,SuperCoin,X11,True,PoS,50707661.7493518,0
175,SYNC,SyncCoin,X11,True,PoW/PoS,1177.0,1000
176,SYS,SysCoin,SHA-256,True,PoW,563336541.299966,888000000
177,TAG,TagCoin,Scrypt,True,PoW/PoS,,1000000
178,TAK,TakCoin,SHA-256,True,PoW/PoS,,7515187520
179,TES,TeslaCoin,Multiple,True,PoS,80260463.7331396,100000000
180,TGC,TigerCoin,SHA-256,True,PoW,43536800.0,47011968
181,TIT,TittieCoin,PHI1612,True,PoS,1622326490.46336,2300000000
182,TOR,TorCoin,X11,True,PoW/PoS,1431851.00002479,10000000
183,TRC,TerraCoin,SHA-256,True,PoW,22935396.0,42000000
184,TITC,TitCoin,Scrypt,True,PoW,,1000000
185,ULTC,Umbrella,SHA-256,True,PoW,0.0,2625000
186,UNB,UnbreakableCoin,SHA-256,True,PoW,2278150.0,80000000
187,UNO,Unobtanium,SHA-256,True,PoW,200911.79151896,250000
188,URO,UroCoin,X11,True,PoW,1207310.0,0
189,USDE,UnitaryStatus Dollar,Scrypt,True,PoW/PoS,1098952592.6,1600000000
190,UTC,UltraCoin,Scrypt,True,PoW/PoS,50235211.141939,100000000
191,UTIL,Utility Coin,X13,True,PoW/PoS,0.0,0
192,VDO,VidioCoin,X11,True,PoW/PoS,,0
193,VIA,ViaCoin,Scrypt,True,PoW,23150892.1679687,23000000
194,VOOT,VootCoin,X11,True,PoW,0.0,0
195,VRC,VeriCoin,Scrypt,True,PoST,32021108.4136696,0
196,VTC,Vertcoin,Lyra2REv2,True,PoW,51173723.8166347,84000000
197,WDC,WorldCoin,Scrypt,True,PoW,119606941.0,265420800
198,XAI,SapienceCoin,X11,True,PoB/PoS,,0
199,XBOT,SocialXbotCoin,Scrypt,True,PoW/PoS,0.0,2000000
200,XC,X11 Coin,X11,True,PoW/PoS,6950831.0970606,5500000
201,XCSH,Xcash,Scrypt,False,PoW/PoS,,2400000
202,XCR,Crypti,Multiple,True,PoS,100000000.0,0
203,XJO,JouleCoin,SHA-256,True,PoW,39195739.362088,45000000
204,XLB,LibertyCoin,X11,True,PoW/PoS,,16500000
205,XST,StealthCoin,X13,True,PoW/PoS,33093725.4123502,0
206,XXX,XXXCoin,Scrypt,True,PoW/PoS,0.0,50000000
207,YAC,YAcCoin,Scrypt,True,PoW,,2000000000
208,ZCC,ZCC Coin,Scrypt,True,PoW/PoS,147990237.978331,1000000000
209,ZED,ZedCoins,Scrypt,True,PoW,,120000000
210,BCN,ByteCoin,CryptoNight,True,PoW,184066828814.0,184467440735
211,EKN,Elektron,X13,True,PoW/PoS,,3000000
212,XDN,DigitalNote ,CryptoNight,True,PoW,6906587610.38292,10000000000
213,XAU,XauCoin,SHA-256,True,PoW,,2100000
214,BURST,BurstCoin,Shabal256,True,PoC,1813033920.0,2158812800
215,SJCX,StorjCoin,Counterparty,True,PoS,51173144.0,500000000
216,HUGE,BigCoin,Blake,True,PoW,,164429865
217,007,007 coin,Scrypt,True,PoW,,989800
218,MONA,MonaCoin,Scrypt,True,PoW,68194674.8711679,105120000
219,TEK,TekCoin,SHA-256,True,PoW/PoS,,100000000
220,NTRN,Neutron,SHA-256,True,PoW/PoS,39121694.0,68000000
221,SLING,Sling Coin,SHA-256,True,PoW,0.0,1000000
222,XSI,Stability Shares,Scrypt,True,PoW/PoS,,15000000
223,KTK,KryptCoin,Scrypt,True,PoS,0.0,17000000
224,FAIR,FairCoin,Groestl,True,PoW/PoS,53193831.0,0
225,NLG,Gulden,Scrypt,True,PoW,415032420.0,1680000000
226,RBY,RubyCoin,Scrypt,True,PoS,27184490.3918338,0
227,PTC,PesetaCoin,Scrypt,True,PoW,137517654.41397,166386000
228,KORE,Kore,X13,True,PoW/PoS,2022464.886973,12000000
229,WBB,Wild Beast Coin,Scrypt,True,PoW,181919.2435974,2628000
230,SSD,Sonic Screw Driver Coin,SHA-256,True,PoW/PoS,,0
231,NOTE,Dnotes,Scrypt,True,PoS,174646113.934655,500000000
232,FLO,Flo,Scrypt,True,PoW,152270664.860648,160000000
233,MMXIV,MaieutiCoin,SHA-256,True,PoS,0.0,2014
234,8BIT,8BIT Coin,Scrypt,True,PoW/PoS,1467841.0,0
235,STV,Sativa Coin,X13,True,PoW/PoS,7096834.0,10000000
236,AM,AeroMe,X13,True,PoW/PoS,0.0,12000000
237,NKT,NakomotoDark,X11,True,PoW/PoS,,0
238,GHC,GhostCoin,Scrypt,True,PoW/PoS,,750000000
239,ABY,ArtByte,Scrypt,True,PoW,792537250.0,1000000000
240,MTR,MasterTraderCoin,X11,True,PoW/PoS,0.0,10110000
241,BCR,BitCredit,Momentum,True,PoW,0.0,210000000
242,XPB,Pebble Coin,CryptoNight,True,PoW,,0
243,XDQ,Dirac Coin,Blake,True,PoW,,2272800
244,FLDC,Folding Coin,Stanford Folding,True,PoW,719416990.0,1000000000
245,SMAC,Social Media Coin,X11,True,PoW/PoS,,0
246,U,Ucoin,X11,True,PoS,2689812.0,20000000
247,UIS,Unitus,Multiple,True,PoW,65113302.0,0
248,CYP,CypherPunkCoin,QuBit,True,PoW,6365285.0,0
249,QBK,QuBuck Coin,X13,True,PoS/PoB,,0
250,MARYJ,MaryJane Coin,X15,True,PoW/PoS,0.0,0
251,OMC,OmniCron,Scrypt,True,PoW,10140044.4430293,3371337
252,GIG,GigCoin,X11,True,PoW,,0
253,CC,CyberCoin,Scrypt,True,PoW/PoS,0.0,0
254,VTR,Vtorrent,Scrypt,True,PoW/PoS,11604722.0,20000000
255,METAL,MetalCoin,Scrypt,True,PoW,,0
256,GRE,GreenCoin,Scrypt,True,PoW,4610340640.89,10000000000
257,XG,XG Sports,XG Hash,True,PoW/PoS,,0
258,CHILD,ChildCoin,X11,True,PoW,,2000000
259,MINE,Instamine Nuggets,Scrypt,True,PoW,,21649485
260,ROS,ROS Coin,X11,True,PoW/PoS,,0
261,UNAT,Unattanium,SHA-256,True,PoW,0.0,0
262,GAIA,GAIA Platform,X11,True,PoS,,24000000
263,XCN,Cryptonite,M7 POW,True,PoW,708506520.0,1840000000
264,GMC,Gridmaster,Scrypt,True,PoW,0.0,84000000
265,MMC,MemoryCoin,Multiple,True,PoW,,10000000
266,CYC,ConSpiracy Coin ,X11,True,PoW,0.0,33000000
267,MSC,MasterCoin,Scrypt,True,PoW,619478.0,619478
268,EGG,EggCoin,Scrypt,True,PoW/PoS,,3891
269,CAMC,Camcoin,X11,False,PoW/PoS,,10000000
270,RBR,Ribbit Rewards,Multiple,True,PoW,,1000000000
271,ICASH,ICASH,X11,True,PoW,,1000000
272,NODE,Node,Curve25519,True,PoA,,1000000000
273,SOON,SoonCoin,SHA-256,True,PoW,12462620.0,21000000
274,BTMI,BitMiles,Scrypt,True,PoW,,4832660000
275,EVENT,Event Token,Scrypt,True,PoW/PoS,,0
276,1CR,1Credit,Scrypt,True,PoW,88213.0,92000000000
277,VIOR,ViorCoin,Scrypt,True,PoW/PoS,0.0,0
278,VMC,VirtualMining Coin,Scrypt-n,True,PoW,,1000000
279,MARSC,MarsCoin,X11,False,PoW,,33000000
280,EQM,Equilibrium Coin,SHA-256,True,PoW/PoS,,0
281,ISL,IslaCoin,X11,True,PoW/PoS,1513704.0,0
282,QSLV,Quicksilver coin,X11,True,PoW,0.0,33000000
283,XNA,DeOxyRibose,X11,True,PoS,,0
284,SKB,SkullBuzz,SHA-256,True,PoS,,0
285,FCS,CryptoFocus,X11,True,PoW/PoS,,0
286,NXS,Nexus,SHA3,True,PoW/nPoS,63657220.0,78000000
287,EAGS,EagsCoin,X11,True,PoW/PoS,,20445500
288,MWC,MultiWallet Coin,X11,True,PoW/PoS,,0
289,MARS,MarsCoin ,X11,True,PoW,32221574.820996,33000000
290,XMS,Megastake,X11,True,PoW/PoS,,0
291,SIGU,Singular,Scrypt,True,PoW/PoS,0.0,0
292,M1,SupplyShock,X13,True,PoW/PoS,,0
293,DB,DarkBit,Scrypt,True,PoW/PoS,,0
294,CTO,Crypto,Lyra2RE,True,PoW,13742738.0,65789100
295,BITL,BitLux,X11,False,PoW/PoS,,0
296,FUTC,FutCoin,X13,True,PoW/PoS,,0
297,TAM,TamaGucci,Scrypt,True,PoW/PoS/PoC,,5300000
298,MRP,MorpheusCoin,X11,True,PoW,,3400000
299,XFC,Forever Coin,X11,True,PoS,,210000000
300,NANAS,BananaBits,Scrypt,True,PoW/PoS,,0
301,ACP,Anarchists Prime,SHA-256,True,PoW,14747200.0002,53760000
302,DRZ,Droidz,QUAIT,True,PoW/PoS,8568038.35935056,5060000
303,BSC,BowsCoin,X11,True,PoW,15863837.5,21000000
304,DRKT,DarkTron,SHA-256,True,PoW/PoS,,1500000
305,CIRC,CryptoCircuits,vDPOS,True,PoS,0.0,0
306,EPY,Empyrean,Scrypt,True,PoW,,100000
307,SQL,Squall Coin,X11,True,PoS/PoW,329200.01639,0
308,CHA,Charity Coin,Scrypt,True,PoW,,500000
309,MIL,Milllionaire Coin,X11,True,PoW/PoS,0.0,0
310,QTZ,Quartz,SHA-256,True,PoW/PoS,,0
311,SPC,SpinCoin,NIST5,True,PoW/PoS,,0
312,DUB,DubCoin,X15,True,PoW/PoS,,0
313,GRAV,Graviton,SHA-256,True,PoW/PoS,,0
314,HEDGE,Hedgecoin,X13,True,PoW,,33000000
315,SONG,Song Coin,Scrypt,True,PoW,32565300.0,210240000
316,XSEED,BitSeeds,SHA-256,True,PoW/PoS,,0
317,CHIP,Chip,X11,True,PoW,,0
318,SPEC,SpecCoin,Scrypt,True,PoW,,3000000000
319,SPRTS,Sprouts,SHA-256,True,PoW/PoS,,0
320,ZNY,BitZeny,Scrypt,True,PoW,75614500.0,250000000
321,DIGS,Diggits,Scrypt,True,PoS,100000000.0,100000000
322,EXP,Expanse,Ethash,True,PoW,10495278.0,16906397
323,MAPC,MapCoin,X11,True,PoS,0.0,2228921.184
324,CON,Paycon,X13,True,PoW/PoS,23042604.0,50000000
325,SC,Siacoin,Blake2b,True,PoW,33098296530.0,0
326,LYB,LyraBar,Lyra2RE,True,PoW/PoS,,0
327,EMC,Emercoin,SHA-256,True,PoW/PoS,43059794.804778,1000000000
328,BLITZ,BlitzCoin,X13,True,PoS,0.0,3852156
329,BHIRE,BitHIRE,Scrypt,False,PoS,,42000000
330,EGC,EverGreenCoin,X15,True,PoW/PoS,13530556.4180753,26298000
331,MND,MindCoin,X11,True,PoW,15867695.0,16000000
332,I0C,I0coin,SHA-256,True,PoW,20997476.8650231,21000000
333,DCR,Decred,BLAKE256,True,PoW/PoS,10365046.9281661,21000000
334,DOGED,DogeCoinDark,Scrypt,True,PoW,0.0,16500000000
335,RVR,Revolution VR,Scrypt,True,PoW,210000000.0,210000000
336,HODL,HOdlcoin,1GB AES Pattern Search,True,PoW,11448949.0,81962100
337,EDRC,EDRCoin,SHA-256,True,PoW/PoS,3669691.84494672,22000000
338,HTC,Hitcoin,X11,True,PoW/PoS,10996318099.0,26550000000
339,GAME,Gamecredits,Scrypt,True,PoW,69836100.0,84000000
340,DSH,Dashcoin,CryptoNight,True,PoW,0.0,18446744
341,DBIC,DubaiCoin,SHA-256,True,PoW/PoS,5129014.0,10500000
342,BIOS,BiosCrypto,Quark,True,PoW/PoS,0.0,20190463.54969237
343,DIEM,CarpeDiemCoin,SHA-256,True,PoW,21739971929.0,21626280000 
344,RCX,RedCrowCoin,Scrypt,True,PoW/PoS,,3966666667
345,PWR,PWR Coin,NIST5,True,PoW/PoS,10069449031.9252,0
346,TRUMP,TrumpCoin,Blake,True,PoS,0.0,12000000
347,BLRY,BillaryCoin,Scrypt,True,PoW/PoS,8998743.2411911,42000000
348,ETHS,EthereumScrypt,Scrypt,True,PoW/PoS,0.0,4200000
349,PXL,Phalanx,SHA-256,True,PoW,0.0,15000000
350,SOUL,SoulCoin,Scrypt,True,PoW/PoS,,1400000000
351,SSTC,SunShotCoin,X11,True,PoW,0.0,2250000000
352,GPU,GPU Coin,Scrypt,True,PoS,40477042.0,221052632
353,TAGR,Think And Get Rich Coin,X15,True,PoW/PoS,,30700000
354,HMP,HempCoin,Scrypt-n,True,PoW,0.0,5000000000
355,ADZ,Adzcoin,X11,True,PoW,45110324.0,84000000
356,MYC,MayaCoin,Scrypt,True,PoW/PoS,,250000000
357,VTA,VirtaCoin,Scrypt,True,PoW,0.0,21000000000
358,SOIL,SoilCoin,Dagger,True,PoW,5702048.0,30000000
359,YOC,YoCoin,Scrypt,True,PoW,636462.55983338,168351300
360,UNIT,Universal Currency,SHA-256,True,PoW/PoS,0.0,210000000
361,AEON,AEON,CryptoNight-Lite,True,PoW,0.0,18400000
362,SIB,SibCoin,X11GOST,True,PoW,17263355.0,24000000
363,ERC,EuropeCoin,X11,True,PoW/PoS,10407269.7881868,384000000
364,AIB,AdvancedInternetBlock,Scrypt,True,PoW,,314159265359
365,XDB,DragonSphere,X11,True,PoW/PoS,,21007600
366,ANTI,Anti Bitcoin,SHA-256,True,PoW,0.0,42000000
367,COLX,ColossusCoinXT,X11,True,PoS,,21000000000
368,MNM,Mineum,X13,True,PoW/PoS,,10000000
369,ZEIT,ZeitCoin,Scrypt,True,PoS,36971236046.8073, 99000000000
370,CGA,Cryptographic Anomaly,Scrypt,True,PoW,,10000000000
371,SWING,SwingCoin,SHA-256,True,PoW/PoS,4377081.60953993,40000000
372,SAFEX,SafeExchangeCoin,Scrypt,True,PoC,2147483647.0,2147483647
373,NEBU,Nebuchadnezzar,PoS,True,PoS,20000000.0,20000000
374,AEC,AcesCoin,X11,True,PoS,,98000000
375,FRN,Francs,Scrypt,True,PoW,6570807.65677618,20000000
376,ADNT,Aiden,ScryptOG,False,PoW,84000000.0,84000000
377,N7,Number7,Scrypt,True,PoW,,270967742
378,CYG,Cygnus,X11,True,PoW/PoS,,25885320
379,LGBTQ,LGBTQoin,X11,True,PoW,,50000000
380,UTH,Uther,Dagger,True,PoW,,25885320
381,MPRO,MediumProject,PoS,True,PoW,,250000
382,KATZ,KATZcoin,SHA-256D,True,PoW/PoS,,100000000
383,SPM,Supreme,Scrypt,True,PoW/PoS,,88900000
384,FLX,Flash,Scrypt,True,PoW/PoS,,1000000
385,BOLI,BolivarCoin,X11,True,PoW,13654082.4987998,25000000
386,CLUD,CludCoin,Scrypt,True,PoW,,100200000
387,HVCO,High Voltage Coin,SHA-256,True,PoW/PoS,,1700000
388,GIZ,GIZMOcoin,X11,True,PoW/PoS,0.0,100000
389,FUZZ,Fuzzballs,Scrypt,True,PoW,,21000000
390,SCRT,SecretCoin,X11,True,PoW/PoS,0.0,21000000
391,XRA,Ratecoin,X11,True,PoW/PoS,134554941.15119,75000000
392,XNX,XanaxCoin,Scrypt,True,PoW,,42000000
393,DBG,Digital Bullion Gold,PoS,True,PoS,0.0,15000000
394,WMC,WMCoin,X11,True,PoS,,1000000000
395,GOTX,GothicCoin,Scrypt,True,PoW,,313333333
396,SHREK,ShrekCoin,Scrypt,True,PoW/PoS,,1246000000
397,REV,Revenu,SHA-256,True,PoW/PoS,1195525.0,222725000
398,PBC,PabyosiCoin,X11,True,PoW/PoS,,31500000000
399,OBS,Obscurebay,X11,True,PoW/PoS,,6562000
400,EXIT,ExitCoin,Scrypt,True,PoW/PoS,,756000000
401,EDUC,EducoinV,Scrypt,True,PoW/PoS,,99000000
402,CLINT,Clinton,SHA-256,True,PoW,0.0,2421227
403,CKC,Clockcoin,SHA-256,True,PoW/PoS,16662820.0,525000000
404,VIP,VIP Tokens,NIST5,True,PoW/PoS,83450403.0,90000000
405,NXE,NXEcoin,NIST5,True,PoW/PoS,,2200000
406,ZOOM,ZoomCoin,Lyra2RE,True,PoW,,250000
407,YOVI,YobitVirtualCoin,SHA-256,True,PoS,,22830000
408,ORLY,OrlyCoin,X15,True,PoW/PoS,0.0,36000000
409,KUBOS,KubosCoin,Scrypt,False,PoW/PoS,,986898568551
410,SAK,SharkCoin,SHA-256,True,PoW,,400000000
411,EVIL,EvilCoin,X11,True,PoW/PoS,,21024000
412,COX,CobraCoin,Scrypt,True,PoW/PoS,,1012941176
413,BSD,BitSend,X11,True,PoW/PoS,24387724.5010828,139000000
414,DES,Destiny,Scrypt,True,PoW/PoS,,212625
415,BIT16,16BitCoin,NIST5,True,PoW/PoS,0.0,16000000
416,CMTC,CometCoin,Scrypt,True,PoW,,2000000
417,CHESS,ChessCoin,Scrypt,True,PoW/PoS,0.0,74666667
418,REE,ReeCoin,Scrypt,True,PoW/PoS,0.0,350000000
419,MARV,Marvelous,Scrypt,True,PoW,,400000000
420,OMNI,Omni,Scrypt,True,PoW,616448.0,616448
421,TRTK,TrollTokens,SHA-256,False,PoW/PoS,,860000000
422,LIR,Let it Ride,POS 3.0,True,PoS,38589808.6658096,33500000
423,SCRPT,ScryptCoin,Scrypt,True,PoW,,34181818
424,SPCIE,Specie,PoS,True,PoS,,9000000
425,CJ,CryptoJacks,X13,True,PoW/PoS,,500000000
426,PUT,PutinCoin,Scrypt,True,PoW/PoS,813092338.575672,2000000000
427,KRAK,Kraken,SHA-256,True,PoW/PoS,,20 000 000
428,IBANK,iBankCoin,Scrypt,True,PoW/PoS,4526324.0,44333333
429,WRLGC,World Gold Coin,SHA-256,False,PoW,,51000000
430,BM,BitMoon,X13,True,PoS,,100000000
431,FRWC,Frankywillcoin,Scrypt,True,PoW/PoS,100000000.0,100000000
432,PSY,Psilocybin,SHA-256D,True,PoW/PoS,,4214600
433,RUST,RustCoin,Scrypt,True,PoW/PoS,,21212121
434,NZC,NewZealandCoin,Scrypt,True,PoW,,335800000
435,XPOKE,PokeChain,X13,True,PoS,,75000000
436,MUDRA,MudraCoin,X13,True,PoS,5000000.0,200000000
437,PIZZA,PizzaCoin,X11,True,PoW,1377917.0,25000000
438,LC,Lutetium Coin,X11,True,PoS,657000000.0,657000000
439,EXB,ExaByte (EXB),SHA-256,True,PoW,,500000000
440,KMD,Komodo,Equihash,True,dPoW/PoW,115898131.0,200000000
441,GB,GoldBlocks,X11,True,PoW/PoS,15563873.0,50000000
442,EDC,EDC Blockchain,SHA-256,True,DPoS/LPoS,,5352058721.530
443,WAY,WayCoin,X11,True,PoS,0.0,100000000
444,TAB,MollyCoin,Scrypt,True,PoW/PoS,,25000000
445,STO,Save The Ocean,X11,True,PoW/PoS,,150000000
446,CTC,CarterCoin,Scrypt,True,PoW/PoS,43165500.0,90000000
447,TOT,TotCoin,Scrypt,True,PoW/PoS,,1613150000
448,MDC,MedicCoin,Scrypt,True,PoW/PoS,,33000000
449,FTP,FuturePoints,X11,True,PoS,,360000000
450,ZET2,Zeta2Coin,Quark,True,PoW/PoS,,1200000
451,CVNC,CovenCoin,SHA-256,True,PoW/PoS,,33000
452,KRB,Karbo,CryptoNight,True,PoW,7822432.72439746,10000000
453,TELL,Tellurion,X11,True,PoW/PoS,,3652422000
454,BXT,BitTokens,SHA-256,True,PoW/PoS,595429.0,21000000
455,ZYD,ZayedCoin,SHA-256,True,PoW,6243840.0,9736000
456,MST,MustangCoin,X11,True,PoW/PoS,657636.34549789,3000000
457,GOON,Goonies,Scrypt,True,PoW,,270875968
458,ZNE,ZoneCoin,Scrypt,True,PoW/PoS,2581970.0,21000000
459,COVAL,Circuits of Value,Multiple,True,PoW,1000000000.0,1200000000
460,DGDC,DarkGold,X13,True,PoW/PoS,,1000000
461,TODAY,TodayCoin,Scrypt,True,PoW,,39200000
462,ROOT,RootCoin,Scrypt,True,PoW/PoS,1939889.0,0
463,DOPE,DopeCoin,Scrypt,True,PoW,116845228.0,200000000
464,FX,FCoin,Scrypt,True,PoW/PoS,,987600000
465,PIO,Pioneershares,X11,True,PoW/PoS,,200000
466,PROUD,PROUD Money,X11,True,PoW/PoS,0.0,10000000000
467,SMSR,Samsara Coin,QuBit,True,PoW/PoS,,60000000
468,UBIQ,Ubiqoin,Progressive-n,True,PoS,,500000000
469,ARM,Armory Coin,Scrypt,True,PoW/PoS,,1990000000
470,RING,RingCoin,Scrypt,True,PoW/PoS,,1900000000
471,LAZ,Lazarus,DPoS,True,DPoS,,10000000
472,BTCR,BitCurrency,Scrypt,True,PoS,169598616.0,0
473,FCTC,FaucetCoin,X13,False,PoS,,10000
474,MOOND,Dark Moon,Scrypt,True,PoW/PoS,,420000000
475,DLC,DollarCoin,SHA-256,True,PoW,9106714.0,10638298
476,SCN,Swiscoin,Scrypt,True,PoW/PoW,665200057.0,3100000000
477,BRONZ,BitBronze,Scrypt,True,PoW,,4502400
478,SH,Shilling,Scrypt,True,PoW,11119200.0,30000000
479,BUZZ,BuzzCoin,SHA-256D,True,PoW/PoS,19577787259.0,20000000000
480,MG,Mind Gene,SHA-256,True,PoW/PoS,,7500000000
481,PSI,PSIcoin,X11,True,PoS,,696969
482,XPO,Opair,PoS,True,PoS,74033806.7949683,74000000
483,PSB,PesoBit,Scrypt,True,PoW/PoS,33522957.0,0
484,FIT,Fitcoin,X11,True,PoW/PoS,,90000000
485,PINKX,PantherCoin,Scrypt,True,PoW/PoS,,735000000
486,UNF,Unfed Coin,Scrypt,True,PoW,,67000000
487,SPORT,SportsCoin,X11,True,PoS,,20000000
488,NTC,NineElevenTruthCoin,Scrypt,True,PoW/PoS,,130528084
489,EGO,EGOcoin,PoS,True,PoS,,60000000
490,GBRC,GBR Coin,Scrypt,True,PoW,0.0,87500000
491,HALLO,Halloween Coin,X11,True,PoW/PoS,264678458.288619,1500000000
492,BBCC,BaseballCardCoin,Scrypt,True,PoW/PoS,,19000000
493,EMIGR,EmiratesGoldCoin,SHA-256,False,PoW,,4000000
494,BHC,BighanCoin,Quark,True,PoW,,411000000
495,CRAFT,Craftcoin,Scrypt,True,PoW/PoS,,49411760
496,OLYMP,OlympCoin,X11,True,PoW/PoS,,50000000
497,DPAY,DelightPay,X13,True,PoW/PoS,,90400000
498,ANTC,AntiLitecoin,Scrypt,False,PoW,,84000000
499,JOBS,JobsCoin,X11,True,PoW/PoS,,20000000000
500,DGORE,DogeGoreCoin,X11,True,PoW/PoS,,500000000
501,RMS,Resumeo Shares,NIST5,True,PoS,,9188302
502,FJC,FujiCoin,Scrypt-n,True,PoW,0.0,10000000
503,VAPOR,Vaporcoin,SHA-256,True,PoW/PoS,,2000000
504,XZC,ZCoin,Lyra2Z,True,PoW,7568281.24956067,21400000
505,PRE,Premium,Scrypt,True,PoW,,20000000
506,CALC,CaliphCoin,SHA-256,True,PoW,,135000000
507,LEA,LeaCoin,SHA-256,True,PoW,0.0,2000000000
508,CF,Californium,SHA-256,True,PoW,,2520000
509,CFC,CoffeeCoin,PoS,True,PoS,148716816.0,39999898
510,BS,BlackShadowCoin,X11,True,PoW/PoS,,2100000000
511,JIF,JiffyCoin,SHA-256D,True,PoW,,5108400
512,MONETA,Moneta,Scrypt,True,PoW,,184000000
513,RUBIT,Rublebit,Scrypt,True,PoW,,100000000
514,HCC,HappyCreatorCoin ,Scrypt,True,PoW,,100100400000
515,BRAIN,BrainCoin,X11,True,PoW/PoS,,22000000
516,ROYAL,RoyalCoin,X13,True,PoS,2500124.0,2500124
517,LFC,BigLifeCoin,X11,True,PoW,,9900000000
518,ZUR,Zurcoin,Quark,True,PoW,0.0,126000000
519,PEC,PeaceCoin,X11,True,PoW,,700000000
520,GMX,Goldmaxcoin,Scrypt,True,PoW,,84078950
521,32BIT,32Bitcoin,X11,True,PoW/PoS,,355000
522,GNJ,GanjaCoin V2,X14,True,PoW/PoS,100000000.0,100000000
523,TEAM,TeamUP,PoS,True,PoS,17818682.1654,301000000
524,SCT,ScryptToken,Scrypt,True,PoW/PoS,,8842105
525,LANA,LanaCoin,SHA-256D,True,PoW/PoS,1082162635.53683,7506000000
526,ELE,Elementrem,Ethash,True,PoW,26205539.0,26205539
527,GCC,GuccioneCoin,Scrypt,True,PoW,,39760000
528,EQUAL,EqualCoin,X13,True,PoW/PoS,,1000000000
529,2BACCO,2BACCO Coin,Scrypt,True,PoW/PoS,,81454545
530,DKC,DarkKnightCoin,Scrypt,True,PoW/PoS,,24000000
531,COC,Community Coin,SHA-256,True,PoW,,36129032
532,CHOOF,ChoofCoin,Scrypt,True,PoW/PoS,,40000000
533,CSH,CashOut,SHA-256,True,PoW,0.0,100000000
534,ZCL,ZClassic,Equihash,True,PoW,5613550.0,21000000
535,RYCN,RoyalCoin 2.0,X13,True,PoS,,2500124
536,PCS,Pabyosi Coin,X11,True,PoW/PoS,,31500000000
537,NBIT,NetBit,Scrypt,True,PoW/PoS,,10.500.000
538,WINE,WineCoin,Scrypt,True,PoW/PoS,,1744000000
539,ARK,ARK,DPoS,True,DPoS,108202084.0,125000000
540,ZECD,ZCashDarkCoin,Scrypt,True,PoW,,500000000
541,WASH,WashingtonCoin,X11,True,PoW/PoS,,170000000
542,LUCKY,LuckyBlocks,PoS,True,PoS,,20000000
543,INSANE,InsaneCoin,X11,True,PoW/PoS,18342813.0,30000000
544,BASH,LuckChain,Scrypt,True,PoW/PoS,0.0,1000000000
545,FAME,FameCoin,QuBit,True,PoW/PoS,,50000000
546,LIV,LiviaCoin,Scrypt,True,PoW/PoS,,1572000000
547,DOGETH,EtherDoge,X11,True,PoW/PoS,,18100000
548,KLC,KiloCoin,Scrypt,True,PoW,196297971.0,10000000000
549,HUSH,Hush,Equihash,True,PoW,0.0,21000000
550,BTLC,BitLuckCoin,PoS,True,PoS,,5000000000
551,DRM8,Dream8Coin,Scrypt,True,PoW,,88800000000
552,EBZ,Ebitz,PoS,False,PoS,,21000000
553,FGZ,Free Game Zone,Scrypt,True,PoW,,44775520
554,BOSON,BosonCoin,X11,True,PoW/PoS,,5000000000
555,ATX,ArtexCoin,X11,True,PoW,824000000.0,500000000
556,PNC,PlatiniumCoin,SHA-256,True,PoW,,21000000
557,BRDD,BeardDollars,Scrypt,True,PoW/PoS,,21212121
558,BIPC,BipCoin,CryptoNight,True,PoW,,18446744
559,XNC,XenCoin,Scrypt,True,PoW,,2100000000
560,EMB,EmberCoin,X13,True,PoW/PoS,92192822723.0,850000000
561,BTTF,Coin to the Future,PoS,True,PoS,,1210000
562,DLR,DollarOnline,X11,True,PoW/PoS,,1000000000
563,XEN,XenixCoin,X11,True,PoW/PoS,3853326.77707314,3853326.77707314
564,IW,iWallet,X11,True,PoW/PoS,,2142857142.86
565,FRE,FreeCoin,PoS,True,PoS,50000000.0,50000000
566,NPC,NPCcoin,SHA-256D,True,PoW/PoS,0.0,7000000000
567,PLNC,PLNCoin,Scrypt,True,PoW/PoS,17089600.0,38540000 
568,DGMS,Digigems,Scrypt,True,PoW,,50000000
569,ICOB,Icobid,Scrypt,True,PoW/PoS,0.0,200000000 
570,ARCO,AquariusCoin,Scrypt,True,PoW/PoS,2449577.41533168,42000000
571,KURT,Kurrent,X11,True,PoW,61364813.0,228000000
572,XCRE,Creatio,PoS,True,PoS,20000000.0,20000000
573,ENT,Eternity,X11,True,PoW/PoS,6069482.07721352,60000000
574,MTLM3,Metal Music v3,Scrypt,False,PoW/PoS,,2500000000
575,ODNT,Old Dogs New Tricks,SHA-256D,True,PoW/PoS,,21000000
576,EUC,Eurocoin,SHA-256,True,PoW/PoS,12416554.0,20000000
577,CCX,CoolDarkCoin,Scrypt,True,PoW/PoS,,11052632
578,BCF,BitcoinFast,Scrypt,True,PoW/PoS,20244023.640728,33000000
579,SEEDS,SeedShares,SHA-256D,True,PoW/PoS,,7996400
580,XSN,Stakenet,X11,True,TPoS,75590369.0,76500000
581,BCCOIN,BitConnect Coin,Scrypt,True,PoW/PoS,11080722.3769581,28000000
582,SHORTY,ShortyCoin,PoS,True,PoS,,100000000
583,PCM,Procom,Scrypt,True,PoW,,28000000
584,CORAL,CoralPay,X13,True,PoS,,21000000
585,MONEY,MoneyCoin,Scrypt,True,PoW/PoS,10914418.0,650659833
586,HSP,Horse Power,Scrypt,True,PoW,,2900000
587,HZT,HazMatCoin,Scrypt,True,PoW/PoS,,100000000
588,CRSP,CryptoSpots,DPoS,True,DPoS,,0
589,ICON,Iconic,PoS,True,PoS,,520000
590,NIC,NewInvestCoin,PoS,True,PoS,,47090909
591,ACN,AvonCoin,PoS,True,PoS,,1000000000
592,XNG,Enigma,X11,True,PoW/PoS,814671.0,5000000
593,XCI,Cannabis Industry Coin,CryptoNight,True,PoW,978145.0,21000000
594,LOOK,LookCoin,X11,True,PoW/PoS,,1613150000
595,MIS,MIScoin,X11,True,PoW/PoS,,25000000
596,WOP,WorldPay,X11,True,PoW/PoS,,10000000
597,CQST,ConquestCoin,X13,True,PoW/PoS,,30000000
598,CHIEF,TheChiefCoin,Scrypt,True,PoW/PoS,,2500000000
599,RC,Russiacoin,Scrypt,True,PoW/PoS,8377873.0,144000000
600,PND,PandaCoin,Scrypt,True,PoS,33813143821.8337,32514916898
601,ECAD,Canada eCoin,Scrypt,True,PoW,,100000000
602,OPTION,OptionCoin,X11,True,PoS,,21000000
603,AV,Avatar Coin,PoS,True,PoS,,10000000
604,LTD,Limited Coin,PoS,True,PoS,,128
605,UNITS,GameUnits,Scrypt,True,PoW/PoS,3472983.0,13000000
606,GAKH,GAKHcoin,Scrypt,True,PoW/PoS,3315789.0,3315789
607,S8C,S88 Coin,Scrypt,True,PoW/PoS,,520000000
608,ASAFE2,Allsafe,Quark,True,PoS,10517772.7391666,15000000
609,LTCR,LiteCreed,QuBit,True,PoW/PoS,30227750.0,78835200
610,XPRO,ProCoin,X15,True,PoW/PoS,,6000000
611,ASTR,Astral,X13,True,PoW/PoS,,37875500
612,GIFT,GiftNet,X13,True,PoW,,6750000
613,VIDZ,PureVidz,PoS,True,PoS,,125000000
614,INC,Incrementum,PoS,True,PoS,,1300000
615,PTA,PentaCoin,SHA-256,True,PoW/PoS,, 1311955 
616,ACID,AcidCoin,SHA-256,True,PoW,,4500000000
617,RNC,ReturnCoin,X11,True,PoS,,250000000
618,TWIST,TwisterCoin,X11,True,PoW/PoS,,3195000
619,PAYP,PayPeer,X11,True,PoW/PoS,,50000000000
620,LENIN,LeninCoin,SHA-256D,True,PoW,,100000000
621,MRSA,MrsaCoin,X13,True,PoW/PoS,,2100000000
622,OS76,OsmiumCoin,Scrypt,True,PoW,894026.0,2714286
623,BIC,Bikercoins,CryptoNight,True,PoW,9357088.0,25000000
624,CRPS,CryptoPennies,X11,True,PoS,,1593.15
625,NTCC,NeptuneClassic,X11,True,PoW/PoS,0.0,250000000
626,HXX,HexxCoin,Lyra2RE,True,PoW,1876146.443596,9999999
627,SPKTR,Ghost Coin,SHA-256,True,PoW/PoS,,2270000
628,MAC,MachineCoin,Time Travel,True,PoW,,35000000
629,SEL,SelenCoin,PoS,True,PoS,,159680000
630,NOO,Noocoin,PoS,True,PoS,,25000000
631,CHAO,23 Skidoo,SHA-256D,True,PoW,,23
632,XGB,GoldenBird,X13,True,PoW/PoS,0.0,450000000
633,YMC,YamahaCoin,Scrypt,True,PoW,,315000000
634,JOK,JokerCoin,Scrypt,True,PoW/PoS,,5000000000
635,GBIT,GravityBit,Scrypt,True,PoW/PoS,,5333000
636,TEC,TeCoin,Multiple,True,PoW,,469521976
637,BOMBC,BombCoin,Scrypt,True,PoW/PoS,,4516129032
638,RIDE,Ride My Car,PoS,True,PoS,0.0,100000000
639,KED,Klingon Empire Darsek,Scrypt,True,PoW/PoS,23965372.0,500000000
640,IOP,Internet of People,SHA-256,True,PoW/PoS,2526078.47525448,21000000
641,ELS,Elysium,Scrypt,True,PoW,,18000000
642,KUSH,KushCoin,X11,True,PoW/PoS,5659096.95728771,9354000
643,ERY,Eryllium,X11,True,PoW/PoS,0.0,100000000
644,OPES,Opes,Argon2,True,PoW,,52000000
645,RATIO,Ratio,PoS,True,PoS,,100000000
646,SMF,SmurfCoin,Scrypt,True,PoW/PoS,,2500000000
647,TECH,TechCoin,X13,True,PoW/PoS,,300000
648,CIR,CircuitCoin,SHA-256D,True,PoW/PoS,,3125000000
649,LEPEN,LePenCoin,SHA-256,True,PoS,,1000000000
650,MARX,MarxCoin,X11,True,PoW,0.0,100640000
651,HAZE,HazeCoin,Scrypt,True,PoW,,25000000
652,PRX,Printerium,Scrypt,True,PoW/PoS,11821728.0,20000000
653,PAC,PacCoin,X11,True,PoW,536982074.0,100000000000
654,IMPCH,Impeach,Scrypt,True,PoW/PoS,308179.0,21933333
655,ERR,ErrorCoin,Scrypt,True,PoW,,81000000
656,TIC,TrueInvestmentCoin,Scrypt,True,PoW/PoS,,53200000
657,NUKE,NukeCoin,PoS,True,PoS,,2778196
658,SFC,Solarflarecoin,Scrypt,True,PoW,0.0,20000000
659,JANE,JaneCoin,X11,True,PoW/PoS,,2100000000
660,PARA,ParanoiaCoin,Scrypt,True,PoW,,72000000
661,MM,MasterMint,X11,True,PoS,,1500000000
662,CTL,Citadel,CryptoNight-V7,True,PoW,10969318.522954,185000000
663,ZBC,Zilbercoin,Scrypt,True,PoS,2922613.96424908,55000000
664,FRST,FirstCoin,Scrypt,True,PoW/PoS ,110000000.0,110000000
665,ORO,OroCoin,Scrypt,True,PoW,,23529412
666,ALEX,Alexandrite,SHA-256,True,PoW/PoS,,1268000
667,TBCX,TrashBurn,SHA-256D,True,PoS,,9000000
668,MCAR,MasterCar,Scrypt,True,PoW/PoS,,2991837
669,THS,TechShares,DPoS,True,DPoS,,600000000
670,ACES,AcesCoin,X13,True,PoS,,100000000
671,UAEC,United Arab Emirates Coin,X11,False,PoW/PoS,,10000000
672,EA,EagleCoin,SHA-256,True,PoW,,40000000
673,CREA,CreativeChain,Keccak,True,PoW,0.0,115000000
674,BVC,BeaverCoin,Scrypt,True,PoW,3115258.0,3360000
675,FIND,FindCoin,X13,True,PoS,14524851.4827,14524851.4827
676,MLITE,MeLite,SHA-256D,True,PoW/PoS,,1.000.000
677,STALIN,StalinCoin,X11,True,PoW/PoS,,3000000000
678,TSE,TattooCoin,Scrypt,True,PoW/PoS,,500000000
679,VLTC,VaultCoin,X11,True,PoW,30385540.0,1000000000
680,BIOB,BioBar,SHA-256D,True,PoW/PoS,,60000000
681,ZER,Zero,Equihash,True,PoW,6921653.89980891,17000000
682,CHAT,OpenChat,Scrypt,True,PoW/PoS,1000000000.0,1000000000
683,CDN,Canada eCoin,Scrypt,True,PoW,99843408.3158479,100000000 
684,ZOI,Zoin,Lyra2RE,True,PoW,18545757.5,21000000
685,HONEY,Honey,Blake2S,True,PoW/PoS,,7000000
686,MXT,MartexCoin,X13,True, PoW/PoS,,5000000
687,MUSIC,Musicoin,Ethash,True,PoW,0.0,454898394
688,VEG,BitVegan,PoS,True,PoS,,600000000
689,MBIT,Mbitbooks,Scrypt,True,PoW,,81000000
690,ZENI,Zennies,Scrypt,True,PoS,,1000000000
691,PLANET,PlanetCoin,Scrypt,True,PoW/PoS,,1000000
692,DUCK,DuckDuckCoin,Scrypt,True,PoW,,121
693,BNX,BnrtxCoin,X11,True,PoW,0.0,210000000
694,RNS,RenosCoin,Scrypt,True,PoS,36050365.0,34426423
695,DBIX,DubaiCoin,Dagger-Hashimoto,True,PoW,2232901.0,2232901
696,XVP,VirtacoinPlus,X11,True,PoW/PoS,13162749.0858027,100000000
697,BOAT,Doubloon,536,True,PoW/PoS,,500000000
698,TAJ,TajCoin,Blake2S,True,PoW/PoS,12184195.9258495,36900000
699,IMX,Impact,X11,True,PoW/PoS,110630387.850471,110000000
700,CJC,CryptoJournal,PoS,True,PoS,,100000000
701,AMY,Amygws,Scrypt,True,PoW,,23333333
702,QBT,Cubits,SHA-256,True,PoW/PoS,,300000000
703,EB3,EB3coin,Scrypt,True,PoW,64096052.0,4000000000
704,XVE,The Vegan Initiative,PoS,True,PoS,,50000000
705,APT,Aptcoin,Scrypt-n,True,PoW,,42000000
706,BLAZR,BlazerCoin,Scrypt,True,PoW,,294336000
707,UNI,Universe,Scrypt,True,PoS,0.0,112000000
708,ECOC,ECOcoin,Scrypt,True,PoW/PoS,,10733333
709,DARK,Dark,SHA-256,True,PoW/PoS,,12800000
710,DON,DonationCoin,Scrypt,True,PoW,,90000000
711,ATMOS,Atmos,PoS,True,PoS,111135836.889,110290030
712,HPC,HappyCoin,X11,True,PoW/PoS,21521322.0099142,100000000
713,CXT,Coinonat,NIST5,True,PoW,10123200.0,48252000
714,MCRN,MacronCoin,PoS,True,PoS,401421401.0,400000000
715,RAIN,Condensate,X11,True,PoW/PoS,121665451.643876,500000000
716,IEC,IvugeoEvolutionCoin,Scrypt,True,PoW,,100000000
717,IMS,Independent Money System,Scrypt,True,PoW/PoS,5368934.0,21212121
718,ARGUS,ArgusCoin,Scrypt,True,PoW/PoS,1148324.0,28600000
719,LMC,LomoCoin,Scrypt,True,PoW/PoS,500000.0,1000000000
720,BTCS,Bitcoin Scrypt,Scrypt,True,PoW,0.0,21000000
721,PROC,ProCurrency,SHA-256,True,PoS,100545745.0,75000000000
722,XGR,GoldReserve,X11,True,PoW/PoS,17171382.0,40000000
723,BENJI,BenjiRolls,Scrypt,True,PoW,20276099.146524,35520400
724,DUO,ParallelCoin,Scrypt,True,PoW,0.0,1000000
725,GRW,GrowthCoin,Scrypt,True,PoS,295135466.361878,2000000000
726,ILC,ILCoin,SHA-256,True,PoW,1317747500.0,2500000000
727,PZM,Prizm,SHA-256,True,PoS,,600000000000000
728,PHR,Phreak,PoS,True,PoS,11390225.9742772,30000000
729,PUPA,PupaCoin,Blake2S,True,PoW/PoS,,3500000000
730,RICE,RiceCoin,X13,True,PoW/PoS,,10000000
731,XCT,C-Bits,SHA-256,True,PoW,,210000000
732,DEA,Degas Coin,Scrypt,True,PoW/PoS,21358764.0,105000000
733,ZSE,ZSEcoin,X11,True,PoW/PoS,0.0,2093500000
734,TAP,TappingCoin,X11,True,PoW/PoS,,5000000000
735,MUU,MilkCoin,SHA-256,True,PoW/PoS ,,4500000000
736,INF8,Infinium-8,CryptoNight,False,PoW,,0
737,HTML5,HTML5 Coin,X15,True,PoW/PoS,40659020000.0,90000000000
738,SBSC,Subscriptio,PoS,True,PoS,,10000000
739,USC,Ultimate Secure Cash,SHA-256,True,PoS,10343113.0,200084200
740,DUX,DuxCoin,Scrypt,True,PoW/PoS,,1680000000
741,XPS,PoisonIvyCoin,Scrypt,True,PoW/PoS,,4666666667
742,EQT,EquiTrader,Scrypt,True,PoW,13673406.4325268,72000000
743,MNTC,Manet Coin,Scrypt,True,PoW/PoS,,215000000
744,HAMS,HamsterCoin,Scrypt,True,PoW,,20000000
745,QTUM,QTUM,POS 3.0,True,PoS,100000000.0,100000000
746,NEF,NefariousCoin,Scrypt,True,PoW/PoS,,4835000000
747,QRL,Quantum Resistant Ledger,CryptoNight-V7,True,PoW,69036016.8340164,105000000
748,ESP,Espers,536,True,PoW/PoS,22801882871.0,50000000000
749,DYN,Dynamic,Argon2d,True,PoW,19784224.6512734,0
750,NANO,Nano,Blake2b,True,PoW,133248297.0,340282367
751,CHAN,ChanCoin,Cloverhash,True,PoW,18407259.0885883,30000000
752,DCY,Dinastycoin,CryptoNight,True,PoW,1809467143.0,2000000000
753,DNR,Denarius,NIST5,True,PoW/PoS,4171382.0,10000000
754,DP,DigitalPrice,X11,True,PoW,35138975.0,100000000
755,VUC,Virta Unique Coin,NIST5,True,PoW/PoS,62942075.0,120000000
756,BTPL,Bitcoin Planet,Skein,True,PoW/PoS,6804362.0,100000000
757,UNIFY,Unify,Scrypt,True,PoW,18133195.0,19276800
758,BRIT,BritCoin,X13,True,PoW/PoS,21268092.0,30000000
759,SOCC,SocialCoin,Scrypt,True,PoW,5167775.0, 75000000
760,OTX,Octanox,X11,True,PoW/PoS,0.0,7905634
761,ARC,ArcticCoin,X11,True,PoW,26042364.3735553,60000000
762,BOG,Bogcoin,SHA-256,True,PoW,,21212121
763,SAND,BeachCoin,X11,True,PoW,,21000000
764,DAS,DAS,X11,True,PoW,2622886.0,18900000
765,LINDA,Linda,Scrypt,True,PoW/PoS,9044930943.24243,50000000000
766,XLC,LeviarCoin,CryptoNight,True,PoW,14161803.0,54000000
767,ONION,DeepOnion,X13,True,PoW/PoS,21917018.0492836,18898187.6216583
768,BTX,Bitcore,Time Travel,True,PoW,17801865.1605478,21000000
769,GCN,gCn Coin,Scrypt,True,PoW,163055097500.0,200000000000
770,SMART,SmartCash,Keccak,True,PoW,2241009149.22257,5000000000
771,SIGT,Signatum,SkunkHash v2 Raptor,True,PoS,107972766.0,137500000
772,ONX,Onix,X11,True,PoW,122475638.389743,1100000000
773,WINK,Wink,PoS,True,PoS,,80000000
774,CRM,Cream,Skein,True,PoW/PoS,47331802.4774238,100000000
775,BCH,Bitcoin Cash,SHA-256,True,PoW,17995589.6469082,21000000
776,BMXT,Bitmxittz,Scrypt,False,PoW/PoS,,10000
777,XMCC,Monoeci,X11,True,PoW/PoS,12569262.5359307,9507271
778,CMPCO,CampusCoin,Scrypt,True,PoW,0.0,1010000000
779,DFT,Draftcoin,Scrypt,True,PoS,18663297.3489799,17405891.19707116
780,VET,Vechain,VeChainThor Authority,True,Proof of Authority,55454734800.0,86712634466
781,SOJ,Sojourn Coin,Scrypt,True,PoW,485214.0,10500000000
782,STCN,Stakecoin,PoS,True,PoS,4000000.0,61599965
783,NYC,NewYorkCoin,Scrypt,True,PoW,143006669741.687,0
784,LBTC,LiteBitcoin,Scrypt,True,PoW,0.0,1000000000
785,FRAZ,FrazCoin,Scrypt,True,PoW,9704042.0,20000000
786,KRONE,Kronecoin,Scrypt,True,PoW,17453749.4042601,84000000
787,ACC,AdCoin,Scrypt,True,PoW,32646731.063036,100000000
788,LINX,Linx,Scrypt,True,PoW,33716526.0,100000000
789,XCXT,CoinonatX,Scrypt,True,PoW/PoS,19539588.0,48252000
790,BLAS,BlakeStar,Blake2S,True,PoW/PoS,,2400000000
791,ETHD,Ethereum Dark,Scrypt,True,PoW/PoS,4200000.0,4200000
792,SUMO,Sumokoin,CryptoNight,True,PoW,8946653.0,88888888
793,ODN,Obsidian,SHA-512,True,PoS,25000000.0,91388946
794,ADA,Cardano,Ouroboros,True,PoS,25927070538.0,45000000000
795,REC,Regalcoin,X11,True,PoW/PoS,7262402.04264803,27000000
796,BTCZ,BitcoinZ,Equihash,True,PoW,5211553258.01514,21000000000
797,NTM,NetM,Scrypt,True,PoW,,101318932073.89769
798,TZC,TrezarCoin,NeoScrypt,True,PoW/PoS,182638400.0,400000000
799,ELM,Elements,X11,True,PoW,2702855668.85288,1800000000
800,TER,TerraNovaCoin,Scrypt,True,PoW/PoS,1140734.91680375,15733333
801,VIVO,VIVO Coin,NeoScrypt,True,PoW,4165967.57499639,27000000
802,RGC,RG Coin,NIST5,True,PoW/PoS,,300000000
803,RUP,Rupee,Lyra2REv2,True,PoS,24000000.0,24000000
804,BTG,Bitcoin Gold,Equihash,True,PoW,17202361.088994,21000000
805,WOMEN,WomenCoin,Scrypt,True,PoW/PoS,48459472454.0,25000000000
806,MAY,Theresa May Coin,SHA-256,True,PoW/PoS,92050800.0,100000000
807,EDDIE,Eddie coin,Scrypt,True,PoW/PoS,,1000000000
808,NAMO,NamoCoin,NIST5,True,PoW/PoS,560563220.0,1200000000
809,LUX,LUXCoin,PHI1612,True,PoW/PoS,8305775.31777569,60000000
810,PIRL,Pirl,Dagger,True,PoW,33986980.0,156306732.71
811,XIOS,Xios,Scrypt,True,PoW/PoS,2149688.0,21000000
812,BTDX,Bitcloud 2.0,Quark,True,PoW/PoS,30711550.5294042,200000000
813,EBST,eBoost,Scrypt,True,PoW,99990001.493466,100000000
814,KEK,KekCoin,POS 2.0,True,PoS,12330806.30517,21000000
815,BLHC,BlackholeCoin,Scrypt,True,PoW/PoS,16362544.992,14788275.991
816,ALTCOM,AltCommunity Coin,SkunkHash,True,PoW/PoS,0.0,5000000
817,PURE,Pure,X11,True,PoW/PoS,0.0,3686860
818,RUPX,Rupaya,Quark,True,PoS,0.0,75000000
819,XIN,Infinity Economics,SHA-256,True,PoS,8999999990.0,9000000000
820,HNCN,Huncoin,X13,False,PoW,,86400000
821,MADC,MadCoin,Scrypt,True,PoW,,10000000
822,PURA,Pura,X11,True,PoW,175215859.0,350000000
823,INN,Innova,NeoScrypt,True,PoW,6375259.04,45000000
824,BDL,Bitdeal,Scrypt,True,PoW,0.0,300000000
825,WSC,WiserCoin,Scrypt,False,PoW,,22105263
826,MSR,Masari,CryptoNight,True,PoW,,18500000
827,ELLA,Ellaism,Ethash,True,PoW,12756367.0,280000000
828,SKR,Sakuracoin,Scrypt,True,PoW,0.0,105100000
829,ISH,Interstellar Holdings,Scrypt,False,PoS,0.0,1970000000
830,GBX,GoByte,NeoScrypt,True,PoW,5832306.875,31800000
831,CSTL,Castle,Quark,True,DPoS,0.0,50000000 
832,ICC,Insta Cash Coin,SHA-256,False,PoW,0.0,300000000
833,ALQO,Alqo,Quark,False,PoW/PoS,65269530.104519,57879300
834,KNGN,KingN Coin,Scrypt,False,PoW/PoS,,420000
835,MAG,Magnet,X11,True,PoW/PoS,38198594.8342105,144000000
836,TAU,Lamden Tau,DPoS,True,DPoS,288090567.493887,500000000
837,ECA,Electra,NIST5,True,PoW/PoS,28399150208.0,30000000000
838,BCD,Bitcoin Diamond,X13,True,PoW/PoS,183534024.889807,210000000
839,VOT,Votecoin,Equihash,True,PoW,,220000000
840,XSH,SHIELD,Multiple,True,PoW,481730566.566176,660000000
841,BCO*,BridgeCoin,Scrypt,False,PoW,0.0,27000000
842,DSR,Desire,NeoScrypt,True,PoW,,22000000
843,MUT,Mutual Coin,Scrypt,False,PoW/PoS,0.0,1000000000
844,CNBC,Cash & Back Coin,Scrypt,True,PoW/PoS,110976977.29338,210000000
845,XUN,UltraNote,CryptoNight,True,PoW,19281821413.4924,85000000000
846,MAN,People,Scrypt,True,PoW,,7500000000
847,ACHN,Achain,DPoS,True,DPoS,,1000000000
848,NRO,Neuro,SHA-256,False,PoW/PoS,,20000000
849,SEND,Social Send,Quark,True,PoW/PoS,,150000000
850,COAL,BitCoal,CryptoNight,True,PoW,4500000.0,12500000
851,DAXX,DaxxCoin,Ethash,True,PoW,520891780.0,10000000000
852,BWK,Bulwark,NIST5,True,PoS,13247178.8807286,27716121
853,BOXY,BoxyCoin,Scrypt,False,PoW,5761512.8103491,100000000
854,SBTC,Super Bitcoin,SHA-256,True,PoW,,21210000
855,KLKS,Kalkulus,Quark,True,PoS,16955764.902064,20000000
856,AC3,AC3,X11,True,PoW,80316207.0,550000000
857,CHIPS,CHIPS,SHA-256,True,PoW,0.0,21000000
858,LTHN,Lethean,CryptoNight-V7,True,PoW,441250233.377,999481516
859,GER,GermanCoin,Scrypt,True,PoW/PoS,4911500269.41,50000000000
860,LTCU,LiteCoin Ultra,Scrypt,True,PoW/PoS,8419402.321,150000000
861,STAK,Straks,Lyra2REv2,True,PoW,,150000000
862,POP,PopularCoin,Scrypt,True,PoW,3964201248.87125,4999999999
863,PNX,PhantomX,X11,True,PoW/PoS,45174214.1078625,50000000
864,HBC,HomeBlockCoin,X11,False,PoW/PoS,0.0,28000000
865,HTML,HTML Coin,SHA-256,True,PoW/PoS,0.0,90000000000
866,PHO,Photon,BLAKE256,True,PoW,30089671530.5228, 90000000000
867,SUCR,Sucre,X11,True,PoW,4229040.50393462,19800000
868,ACCO,Accolade,Scrypt,False,PoW/PoS,5573908.0,50000000
869,CPN,CompuCoin,Scrypt,True,PoW,,35000000
870,XFT,Fantasy Cash,Scrypt,True,PoW/PoS,0.0,4600000
871,OMGC,OmiseGO Classic,Scrypt,False,PoW/PoS,49933217.7511508,70000000
872,ORE,Galactrum,Lyra2REv2,True,PoW/PoS,,26280000
873,SPK,SparksPay,NeoScrypt,True,PoW,7847417.33355824,21000000
874,GOA,GoaCoin,NeoScrypt,False,PoW,3982139.24553469,32000000
875,WAGE,Digiwage,Quark,True,PoS,27299680.0,120000000
876,GUN,GunCoin,NeoScrypt,True,PoW,299797953.0,500000000
877,POLIS,PolisPay,X11,True,PoW,,25000000
878,IRL,IrishCoin,Scrypt,True,PoW,45483049.3398182,64000000
879,TROLL,Trollcoin,Scrypt,True,PoW/PoS,591022748.0,900000000
880,LCP,Litecoin Plus,Scrypt,True,PoW/PoS,2504486.227718,4000000
881,TGCC,TheGCCcoin,X13,True,PoW/PoS,,2400000000
882,MONK,Monkey Project,X11,True,PoS,4407252.0,21000000
883,KZC,KZCash,X11,True,PoW,,18000000
884,WCG,World Crypto Gold,SHA-256,True,Proof of Stake,,900000000
885,ECC,ECC,Scrypt,False,PoS,25000000000.0,25000000000
886,STN,Steneum Coin,Scrypt,True,PoW,,20000000
887,PCOIN,Pioneer Coin,X11,True,PoW,8478104.33969947,23000000
888,UBTC,UnitedBitcoin,SHA-256,True,PoW,20166000.0,20166000
889,ITZ,Interzone,C11,True,PoW,11916588.09471,23000000
890,XBP,Black Pearl Coin,X13,True,PoW/PoS,,50000000
891,SGL,Sigil,NeoScrypt,False,PoW,0.0,50000000
892,OPC,OP Coin,Scrypt,True,PoW/PoS,0.0,2000000000
893,SHA,Shacoin,SHA-256,True,PoS,,350000000
894,BTW,BitWhite,DPoS,True,DPoS,,60000000
895,CROAT,Croat,CryptoNight,True,PoW,,100467441
896,VAL,Valorbit,Scrypt,True,PoW/PoS,0.0,92233720000000000
897,TPAY,TokenPay,POS 3.0,True,PoS,20445861.5344251,25000000
898,CVNG,Crave-NG,SHA-256,True,PoS,,1000000000
899,MCT,1717 Masonic Commemorative Token,Ethash,True,PoS,1618033.0,1618033
900,CWIS,Crypto Wisdom Coin,Scrypt,False,PoW,17630550.2128923,24000000
901,MBC,My Big Coin,Scrypt,True,PoW and PoS,9399342.52839847,30000000
902,WOBTC,WorldBTC,Scrypt,False,PoW/PoS,,210000000
903,TRTL,TurtleCoin,CryptoNight,True,PoW,53139835213.77,1000000000000
904,NDLC,NeedleCoin,X11,False,PoS/PoW,,120000000
905,MUN,MUNcoin,SkunkHash,True,PoW,4818338.98949984,16600000
906,USX,Unified Society USDEX,Scrypt,True,PoW/PoS,234846265.782157,232000000
907,BCA,Bitcoin Atom,SHA-256,True,PoW/PoS,,21000000
908,B2X,SegWit2x,X11,True,PoW/PoS,,21000000
909,NBR,Niobio Cash,CryptoNight,True,PoW,133932467.774108,336000000
910,SCOOBY,Scooby coin,Scrypt,True,PoW/PoS,,21000000
911,BUN,BunnyCoin,Scrypt,True,PoW,,100000000000
912,BSR,BitSoar Coin,X11,False,PoS,3680297312.25584,3980000000
913,SKULL,Pirate Blocks,X11,True,PoW/PoS,,240000000
914,BTCP,Bitcoin Private,Equihash,True,PoW,0.0,21000000
915,SKC,Skeincoin,Skein,True,PoW,0.0,17000000
916,KRM,Karma,Groestl,True,PoS,,3000000000
917,CDY,Bitcoin Candy,Equihash,True,PoW,,21000000000
918,SSS,ShareChain,Scrypt,True,PoW,10000000000.0,10000000000
919,CRDNC,Credence Coin,SHA-256,False,PoW/PoS,3427006.0,25000000
920,TRF,Travelflex,Dagger,True,PoW,107325266.027783,100000000
921,KREDS,KREDS,Lyra2REv2,True,PoW,643795911.540095,1100000000
922,VULC,Vulcano,NIST5,True,PoS/PoW,,421126225
923,TOKC,Tokyo Coin,X13,True,PoS,230298925.0,800000000
924,BBP,BiblePay,Proof-of-BibleHash,True,POBh,1772091549.88818,5200000000
925,LCC,LitecoinCash,SHA-256 + Hive,True,PoW + Hive,638382332.208514,840000000
926,FLIP,BitFlip,Scrypt,True,PoW,12446100.00278,40000000
927,LOT,LottoCoin,Scrypt,True,PoW,14491014421.0,18406979840
928,FUNK,Cypherfunks Coin,Scrypt,True,PoW,,49275000000
929,LEAF,LeafCoin,Scrypt,True,PoW,0.0,21000000000
930,BASHC,BashCoin,Skein,False,PoW/PoS,11661844.4720073,72000000
931,DGM,DigiMoney,X11,False,PoW/PoS,3521630.0,25000000
932,CBS,Cerberus,NeoScrypt,True,PoW,0.0,31500000
933,BTCH,Bitcoin Hush,Equihash,True,PoW,0.0,21000000
934,LIZ,Lizus Payment,Skein,False,PoW/PoS,2985970.9999482,69000000
935,CIF,Crypto Improvement Fund,X11,True,PoW,211297638.500483,500000000
936,SPD,Stipend,C11,True,PoW/PoS,11251342.1879021,19340594
937,POA,Poa Network,Proof-of-Authority,True,PoA,204479039.0,252460800
938,PUSHI,Pushi,X11,True,PoW/PoS,2167827.1,25000000
939,POKER,PokerCoin,Scrypt,False,PoS/PoW,0.0,466666667
940,ELP,Ellerium,XEVAN,True,PoW/PoS,419275.38,60000000
941,VLX,Velox,Scrypt,True,PoS,25570013.1348022,124000000
942,ONT,Ontology,VBFT,True,PoS,650848625.0,1000000000
943,CLO,Callisto Network,Ethash,True,PoW,247612453.0,6500000000
944,CRU,Curium,X11,True,PoW,0.0,22000000
945,ELIC,Elicoin,YescryptR16,True,PoW,,10000000
946,TUBE,BitTube,CryptoNight,True,PoW,80049082.9057215,1000000000
947,DIN,Dinero,NeoScrypt,True,PoW,0.0,100000000
948,PSD,Poseidon,Scrypt,True,PoW,4070212.1493016,21000000
949,LELE,Lelecoin,Curve25519,True,PoS,,1000000000
950,AKA,Akroma,Ethash,True,PoW,,100000000
951,MANNA,Manna,SHA-256,False,PoW,2360478328.70966,10044655075.56243680
952,ADK,Aidos Kuneen,IMesh,True,PoW,25000000.0,25000000
953,SERA,Seraph,PHI1612,False,PoW/PoS,1360250.0,32000000
954,AET,AfterEther,Ethash,False,PoW,,200000000
955,CMOS,Cosmo,Quark,False,PoW,8928876.68577239,11892000
956,REDN,Reden,X16S,False,PoW,0.0,14000000
957,TLP,TulipCoin,Scrypt,True,PoW/PoS,,5250000000
958,BSX,Bitspace,NIST5,True,PoW/PoS,13787854.6277781,50000000
959,FNO,Fonero,PHI1612,True,PoW,,18400000
960,XSG,Snowgem,Equihash,True,PoW,0.0,84096000
961,CVTC,CavatCoin,DPoS,False,DPoS,,21000000
962,XTL,Stellite,CryptoNight,False,PoW,,21000000000
963,BRIA,Briacoin,Scrypt,True,PoW/PoS,845637.81347436,3000000
964,IC,Ignition,Scrypt,True,PoW/PoS,1182153.5,5000000
965,MNB,MoneyBag,X11,False,PoS,,50000000
966,BTL,Bitrolium,Equihash,True,PoW,71355477.0,70000000
967,BCI,Bitcoin Interest,Equihash,True,PoW,0.0,22300000
968,MEDIC,MedicCoin,Scrypt,True,PoS,267297676.3125,500000000
969,FLM,FOLM coin,PHI1612,False,PoW,0.0,23001916
970,ALPS,Alpenschillling,Lyra2Z,True,PoW,27340501.6514783,300000000
971,ZEL,Zelcash,Equihash,True,PoW/PoS,0.0,210000000
972,BITG,Bitcoin Green,Green Protocol,True,PoS,9803691.3618195,21000000
973,DEV,Deviant Coin,PoS,True,PoS,21876586.8530324,88000000
974,ABJ,Abjcoin,Scrypt,True,PoW/PoS,9880502.37178894,30000000
975,RAP,Rapture,NeoScrypt,False,PoW,4478901.29233779,21000000
976,ANI,Animecoin,Quark,True,PoW,,1976000000
977,PHC,Profit Hunters Coin,Scrypt,True,PoW/PoS,0.0,100000000
978,SEM,Semux,Semux BFT consensus,True,DPoS,1231147.0,100000000
979,BBK,BitBlocks,Scrypt,True,PoW/PoS,0.0,500000000
980,UWC,Uwezocoin,Scrypt,False,PoW,0.0,840000000
981,FTO,FuturoCoin,X11,True,PoW,31801461.1867843,100000000
982,CARE,Carebit,Quark,True,PoW/PoS,139739596.506702,200000000
983,NZL,Zealium,PoS,True,PoS,11075254.0929996,80000000
984,XMC,Monero Classic,CryptoNight,True,PoW,16016864.0,18400000
985,TIPS,FedoraCoin,Scrypt,True,PoW,,500000000000
986,CHARM,Charm Coin,NeoScrypt,True,PoW,,250000000
987,PROTON,Proton,X16R,True,PoS,4403800.0,45000000
988,DERO,Dero,CryptoNight,True,PoW,,18400000
989,DEAL,iDealCash,Scrypt,True,PoW/PoS,1404157529.46026,5121951220
990,JUMP,Jumpcoin,NIST5,True,PoW,21069346.2522598,21000000
991,INFX,Infinex,Lyra2RE,True,PoW,5097689.71077377,26280000
992,XBI,Bitcoin Incognito,XEVAN,True,PoS/PoW,10904963.0923455,21000000
993,KEC,KEYCO,Tribus,True,PoW,795447.0,18000000
994,SABR,SABR Coin,Scrypt,True,PoW/PoS,,133100000
995,HWC,HollyWoodCoin,Scrypt,True,PoS,38706809.466535,26000000
996,GIN,GINcoin,Lyra2Z,True,PoW,6986399.70430446,10500000
997,XMV,MoneroV,CryptoNight,True,PoW,,256000000
998,PAR,Parlay,Scrypt,False,PoS,3783270.0,30000000
999,LTCC,Listerclassic Coin,Scrypt,False,PoW/PoS,8094818.38874615,110000000
1000,AMX,Amero,NeoScrypt,True,PoW/PoS,,15000000
1001,PLTC,PlatinCoin,CryptoNight,True,PoW,84300.0,600000518
1002,KNG,BetKings,X11,False,PoS,11359634.6460345,8148139
1003,COG,Cognitio,SHA-256D,False,PoW/PoS,658584.46163633,7500000
1004,BEN,BitCOEN,SHA-256,True,Limited Confidence Proof-of-Activity ,,100000000
1005,LOKI,Loki,CryptoNight Heavy,True,PoW,19153632.0,150000000
1006,NCP,Newton Coin,CryptoNight,True,PoW,41294520017.0,184000000000
1007,STAX,Staxcoin,Scrypt,True,PoW/PoS,,43500000
1008,MRN,Mercoin,Scrypt,False,PoW/PoS,25330252.323,100000000
1009,SIC,Swisscoin,Scrypt,True,PoW/PoS,10200000000.0,10200000000
1010,EXCC,ExchangeCoin,Equihash,False,PoW,0.0,32000000
1011,REL,Reliance,X11,False,PoS,7256580.0,62000000
1012,BTCN,BitcoiNote,CryptoNight,True,PoW,,21000000
1013,XT3,Xt3ch,Scrypt,True,PoS,7630000.0154,44000000
1014,MGD,MassGrid,Jump Consistent Hash,True,PoW,135862416.039898,168000000
1015,VIG,TheVig,SHA-256D,True,PoW/PoS,33238183.7225834,100000000
1016,PLURA,PluraCoin,CryptoNight,True,PoW,560085952.404637,1000000000
1017,EMAR,EmaratCoin,Scrypt,True,PoW/PoS,21599339.6728,84000000
1018,XTNC,XtendCash,Wild Keccak,False,PoW,,100000000
1019,ROE,Rover Coin,X11,True,PoW/PoS,,60000000
1020,LTCP,LitecoinPro,Scrypt,True,PoW,,17500000
1021,DKD,Dekado,X15,True,PoS,30284196.369129,90000000
1022,LYNX,Lynx,Scrypt,True,HPoW,77872059787.8998,92000000000
1023,POSQ,Poseidon Quark,Quark,True,PoS,2716264.95302831,650000000 
1024,YCE,MYCE,Scrypt,False,PoW/PoS,63613903.880998,250000000
1025,ARO,Arionum,SHA-512,False,PoW,60045900.0,545399000
1026,BWS,BitcoinWSpectrum,SHA-256,True,PoS,57811001.000889,100262205
1027,BTCC,Bitcoin Core,SHA-256,True,PoW,,21000000
1028,GOLF,GolfCoin,SHA-256D,False,PoW/PoS,0.0,1713134800
1029,MUSE,Muse,DPoS,True,PoS,18194936.0,18081806 
1030,XMN,Motion,X16R,True,PoW,8125865.02097646,22075700
1031,PLUS1,PlusOneCoin,HMQ1725,True,PoW,8645406.16776286,21000000
1032,AXE,Axe,X11,True,PoW,4993030.69736615,21000000
1033,GMCN,GambleCoin,Scrypt,False,PoS,8240763.49472804,15600000
1034,TRVC,Trivechain,X16R,True,PoW/PoS,36923120.6205934,82546564
1035,DTEM,Dystem,Quark,True,PoS,7082392.24744494,21000000
1036,GIC,Giant,Quark,True,PoW/PoS,5919489.76813523,5151000
1037,PNY,Peony Coin,Scrypt,True,PoS,1042012.45227735,16880000000
1038,SAFE,SafeCoin,Zhash,True,PoW/PoS,0.0,36000000
1039,ABS,Absolute Coin,Lyra2REv2,True,PoW/PoS,13332617.9413708,52500000
1040,VITAE,Vitae,Quark,True,PoS,66053877.6256106,100000000
1041,BSPM,Bitcoin Supreme,Scrypt,True,PoS,,21000000
1042,XGS,GenesisX,XEVAN,False,PoS,0.0,19000000
1043,BIM,BitminerCoin,CryptoNight,False,PoW,0.0,50000000
1044,HEX,HexCoin,Scrypt,True,PoW,1416663.06600024,22105263
1045,DEI,Deimos,Scrypt,False,PoW,269143950.637501,1000000000
1046,TPC,TPCash,Scrypt,True,PoW/PoS,5403802.49590733,1000000000
1047,OYS,Oyster Platform,X11,False,PoS,,25000000
1048,WEBC,Webchain,CryptoNight-V7,True,PoW,15580199.3087496,1750000000
1049,RYO,Ryo,Cryptonight-GPU,True,PoW,4890897.0,88188888
1050,MUSD,MUSDcoin,Scrypt,True,PoW/PoS,0.0,100000000
1051,URALS,Urals Coin,XEVAN,True,PoW,14746153.0962884,210000000
1052,QWC,Qwertycoin,CryptoNight Heavy,True,PoW,99553110528.8022,184470000000
1053,BITN,Bitcoin Nova,CryptoNight,False,PoW,484454200.0,1000000000
1054,ARE,ARENON,X11,True,PoS,19269509.94,55000000
1055,DACASH,DACash,X11,False,PoW,26709236.7607446,50000000
1056,EUNO,EUNO,X11,True,PoW/PoS,30771125.9760867,50000000
1057,MMO,MMOCoin,Scrypt,True,PoS,107763867.917675,260000000
1058,DASC,DasCoin,DPoS,True,DPoS,,8589934592 
1059,KETAN,Ketan,PoS,True,PoS,9327131.59708692,210000000
1060,NIX,NIX,Lyra2REv2,True,PoW,0.0,175000000
1061,ITA,Italocoin,CryptoNight Heavy,False,PoW,,18446744
1062,XSTC,Safe Trade Coin,Scrypt,True,PoS,0.0,840000000
1063,PPAI,Project Pai,SHA-256,True,PoW,2100000000.0,2100000000
1064,MBLC,Mont Blanc,Scrypt,True,PoS,0.0,70000000
1065,XDNA,XDNA,Keccak,True,PoW/PoS,4672513.84432375,366000000
1066,PAXEX,PAXEX,X11,True,PoS,4504639.0,100000000
1067,DIT,Ditcoin,CryptoNight,True,PoW,,37000000
1068,AZART,Azart,X11,True,PoW,5015881.37315389,25000000
1069,AOP,Averopay,Tribus,False,PoW/PoS,1859475.60962,36500000
1070,XAP,Apollon,Quark,True,PoW/PoS,0.0,250000000
1071,TSC,ThunderStake,Scrypt,True,PoW/PoS,1059954080.43439,18000000000
1072,SPLB,SimpleBank,NeoScrypt,False,PoW/PoS,2381470.97805063,21000000
1073,HMN,Harvest Masternode Coin,Scrypt,True,PoW/PoS,,10000000
1074,KCASH,Kcash,SHA-512,True,Zero-Knowledge Proof,1000000000.0,1000000000
1075,XCG,Xchange,X16R,True,PoW,9753753.61515394,100000000
1076,AAC,Acute Angle Cloud,ECC 256K1,True,DPOS,1000000000.0,1000000000
1077,KST,StarKST,Scrypt,True,PoW,,6000000000
1078,AUK,Aukcecoin,Scrypt,True,PoW/PoS,,80000000
1079,PLAN,Plancoin,Scrypt,True,PoW/PoS,,35000000
1080,TRAID,Traid,NeoScrypt,True,PoW/PoS,0.0,252000000
1081,TCHB,Teachers Blockchain,Scrypt,True,PoW,,160000000
1082,MIODIO,MIODIOCOIN,Scrypt,True,PoW,,80000000
1083,LTPC,Lightpaycoin,Quark,True,PoS,,21000000
1084,HANA,Hanacoin,Lyra2REv2,False,PoW,,122500000
1085,BTV,Bitvote,CryptoNight,True,PoW/PoS,,21000000
1086,CRYP,CrypticCoin,Equihash,True,PoW,4235111504.0,7600000000
1087,BTXC,Bettex coin,XEVAN,True,PoS,6787405.18013774,50000000
1088,ZEST,ZestCoin,Quark,True,PoW,0.0,29300000
1089,XCASH,X-CASH,CryptoNight Heavy X,True,PoW,0.0,100000000000
1090,BRAZ,Brazio,HMQ1725,False,PoW,75579791.7052214,207000000
1091,ACM,Actinium,Lyra2Z,True,PoW,13634850.0,84000000
1092,LTZ,Litecoinz,Equihash,True,PoW,,84000000
1093,ETHO,ETHER-1,Ethash,True,PoW,0.0,13666237
1094,TWISTR,TWIST,SHA-512,False,PoS,200000000.0,200000000
1095,MBTC,MicroBitcoin,Rainforest,True,PoW,,210000000000
1096,FOREX,FOREXCOIN,Scrypt,True,PoW,,1000000000
1097,BSV,Bitcoin SV,SHA-256,True,PoW,17992514.6469233,21000000
1098,DACH,DACH Coin,Quark,False,PoS,14303114.6740944,38000000
1099,AGM,Argoneum,PHI1612,False,PoW,13969583.3757376,64000000
1100,ARMS,2Acoin,CryptoNight-V7,False,PoW,,17910000
1101,BITM,BitMoney,XEVAN,True,Pos,208515864.367343,70000000000
1102,B2G,Bitcoiin2Gen,Ethash,True,PoW,0.0,100000000
1103,AUX,Auxilium,Keccak,False,PoA,,300000000
1104,JMC,Junson Ming Chan Coin,X11,True,PoS,17209923728.3266,0
1105,FRED,FREDEnergy,CryptoNight,True,PoW,1867054873.28397,8080000000
1106,ZND,Zenad,Quark,True,POS / MN,0.0,46000000
1107,NGIN,Ngin,M00N,False,PoW,,360000000
1108,GENX,Genesis Network,Equihash,True,PoW,,4100000000
1109,VTL,Vertical,Lyra2Z,True,PoW,,35000000
1110,C25,C25 Coin,SkunkHash,True,PoW,0.0,6100000
1111,HERB,HerbCoin,Quark,True,PoW/PoS,35312185.7437239,54000000
1112,AQUA,Aquachain,Argon2,True,PoW,0.0,42000000
1113,BBTC,BlakeBitcoin,Blake,False,PoW,20595483.8480416,21000000
1114,UMO,Universal Molecule,Blake,True,PoW,1578281.31341127,105120001.44
1115,LIT,Lithium,Blake,True,PoW,15846721.2482747,25228800
1116,ELT,Electron,Blake,False,PoW,24156921.9868023,7000000000
1117,XNB,Xeonbit,CryptoNight,True,PoW,,18400000
1118,RBTC,Smart Bitcoin,SHA-256,True,PoW,0.0,20999764
1119,PIRATE,PirateCash,Equihash,True,PoS,13475920.0,105000000
1120,EXO,Exosis,Exosis,True,PoW,406091.925,21000000
1121,BLTG,Block-Logic,Scrypt,True,PoW,35284717.173946,120000000
1122,MIMI,MIMI Money,CryptoNight,False,PoW,,1000000000000000000
1123,OWC,Oduwa,Scrypt,True,PoW/PoS,14777549.3940764,21000000
1124,BEAM,Beam,Equihash,True,PoW,35687520.0,262800000
1125,GALI,Galilel,Quark,True,PoW/PoS,18265011.2486006,19035999
1126,ZEX,Zaddex,Equihash,False,PoW,,210000000
1127,BTH,Bithereum,Equihash,True,PoW,25150787.5,30886000
1128,ARQ,ArQmA,CryptoNight-lite,True,PoW,,50000000
1129,VEO,Amoveo,SHA-256,True,PoW,,0
1130,CSPN,Crypto Sports,Quark,True,PoS,1934701.67524713,13370000
1131,CREDIT,Credit,Scrypt,True,PoW/PoS,30825710000.0296,74800000000
1132,SCRIBE,Scribe Network,Lyra2REv2,False,PoW,6040583.72997153,32700000
1133,LYTX,LYTIX,QuarkTX,True,PoW/PoS,,100000000
1134,SCA,SiaClassic,Blake2b,False,PoW,,5000000000
1135,LUNES,Lunes,Leased POS,True,LPoS,,150728537.61
1136,SLC,SLICE,QuBit,True,PoW,12925790.4226959,100000000
1137,DASHP,Dash Platinum,X11,True,PoS,715659.44237941,19700000
1138,NSD,Nasdacoin,Scrypt,True,PoW/PoS,20546528.2059957,84000000
1139,VDL,Vidulum,Equihash1927,True,PoW,0.0,100000000
1140,BEET,Beetle Coin,XEVAN,True,PoW/PoS,198938144.363399,500000000
1141,TTN,Titan Coin,SHA-256D,True,PoW/PoS,896361168.0,5000000000
1142,AWR,Award,X11,True,PoW/PoS,15420234.5389336,420000000
1143,BST,BlockStamp,SHA-256,True,PoW,0.0,105000000
1144,BLAST,BLAST,SHA-256,True,PoW,52293836.6277958,64000000
1145,ESBC,ESBC,Quark,True,PoS,,30000000
1146,VBK,VeriBlock,SHA-256,True,PoW,,2100000000
1147,XRC,Bitcoin Rhodium,X13,True,PoW,1170292.5,2100000
1148,GLT,GlobalToken,SHA-256,True,PoW,84613099.9999955,168000000
1149,INSN,Insane Coin,X11,True,PoW/PoS,23775960.3207514,30000000
1150,WRT,WRTcoin,X11,True,PoW,,25000000000
1151,ALX,ALAX,DPoS,True,DPoS,1000000000.0,1000000000
1152,TFC,The Freedom Coin,X11,True,PoS,0.0,25000000
1153,MPT,Media Protocol Token,Ethash,False,PoW,10000000000.0,10000000000
1154,AMBER,AmberCoin,X11,True,PoW/PoS,,1000000000
1155,LDOGE,LiteDoge,Scrypt,True,PoW/PoS,15318887081.0146,35000000000
1156,BBR,Boolberry,X11,True,PoW,0.0,18450000
1157,SLR,SolarCoin,Scrypt,True,PoW,55565076.3863525,98100000000
1158,TRK,TruckCoin,X11,True,PoW/PoS,242574105.22384,0
1159,UFO,UFO Coin,NeoScrypt,True,PoW,3824685012.0,4000000000
1160,ASN,Ascension Coin,QuBit,True,PoW/PoS,0.0,0
1161,OC,OrangeCoin,Scrypt,True,PoW/PoS,3537150.0,200000000
1162,GSM,GSM Coin,X11,True,PoW/PoS,,1800000
1163,BLC,BlakeCoin,Blake,True,PoW,23356790.1494191,7000000000
1164,BITS,BitstarCoin,Scrypt,True,PoW/PoS,20576532.0,54256119
1165,NEOS,NeosCoin,SHA-256,True,PoS,4392258.24647793,21000000
1166,HYPER,HyperCoin,Scrypt,True,PoW/PoS,9631199.99309942,0
1167,PINK,PinkCoin,X11,True,PoW/PoS,436353624.490312,500000000
1168,FCN,FantomCoin ,CryptoNight,True,PoW,0.0,18400000
1169,XWT,World Trade Funds,X15,True,PoW/PoS,,1000000
1170,CESC,Crypto Escudo,Scrypt,True,PoW,780210700.0,1000000000
1171,TWLV,Twelve Coin,T-Inside,True,PoW/PoS,,0
1172,ADC,AudioCoin,Scrypt,True,PoW/PoS,980732528.97974,10500000000
1173,LOG,Wood Coin,Skein,True,PoW,, 27625814
1174,XCE,Cerium,SHA-256,True,PoW/PoS,,2307925
1175,NKA,IncaKoin,SHA-256,True,PoW/PoS,17939725045.334,190000000
1176,PIGGY,Piggy Coin,X11,True,PoW/PoS,494240666.028571,1000000000
1177,CRW,Crown Coin,SHA-256,True,PoW,22986929.0854247,42000000
1178,GEN,Genstake,Scrypt,True,PoW/PoS,60000000.0,15000000
1179,LTS,Litestar Coin,X11,True,PoW/PoS,,120000000
1180,QCN,Quazar Coin,CryptoNight,True,PoW,0.0,18446744
1181,SMLY,SmileyCoin,Scrypt,True,PoW,29583989322.9213,50000000000
1182,BTQ,BitQuark,Multiple,True,PoW,,0
1183,PKB,ParkByte,SHA-256,True,PoW/PoS,0.0,25000000
1184,HNC,Hellenic Coin,Scrypt,True,PoW,,100000000
1185,MI,XiaoMiCoin,Scrypt,True,PoW/PoS,404316475.545465,400000000
1186,GRS,Groestlcoin,Groestl,True,PoW,73298203.8873662,105000000
1187,CPC,CapriCoin,X11,True,PoW/PoS,201364327.427503,208000000
1188,CLUB, ClubCoin,Scrypt,True,PoW/PoS,103621876.167052,160000000
1189,RADS,Radium,PoS,True,PoS,3821245.74150193,9000000
1190,BTA,Bata,Scrypt,True,PoW,5052555.91981545,5000000
1191,PAK,Pakcoin,Scrypt,True,PoW,69684455.4387001,182000000
1192,CRB,Creditbit ,X11,True,Proof of Trust,16901016.6609755,16504333
1193,OK,OKCash,SHA-256,True,PoW/PoS,74676064.9488608,105000000
1194,LSK,Lisk,DPoS,True,DPoS,120012140.0,159918400
1195,XHI,HiCoin,Scrypt,True,PoS,10000244677.7002,10008835635
1196,XWC,WhiteCoin,Scrypt,True,PoW/PoS,252005564.19257,300000000
1197,DOT,Dotcoin,Scrypt,True,PoW,0.0,890000000
1198,FSC,FriendshipCoin,NeoScrypt,True,PoW/PoS,1120385.00502,60168145
1199,THC,The Hempcoin,Scrypt,True,PoW/PoS,0.0,300000000
1200,FIII,Fiii,SHA3-256,True,DPoC,-5917977547.96773,5000000000
1201,J,JoinCoin,Multiple,True,PoW,3332922.5,2800000
1202,TRI,Triangles Coin,X13,True,PoW/PoS,140777.753365,120000
1203,RAIZER,RAIZER,SHA-256,False,PoW,,1000000000
1204,VOLLAR,Vollar,Equihash+Scrypt,True,PoW,100000000.0,2100000000
1205,VNTY,VENOTY,Scrypt,False,PoW,,94000000
1206,AX,AlphaX,Scrypt,True,PoS,,200000000000
1207,SWI,Swinca,Quark,False,PoW/PoS,,400000000
1208,TCR,TecraCoin,Lyra2Z,False,PoW,40874452.4756771,210000000
1209,HCXP,HCX PAY,CryptoNight,False,PoW,,2000000000
1210,GEX,Gexan,PHI2,False,PoW/PoS,2233828.12953048,21000000
1211,EOS,EOS,DPoS,True,DPoS,1020544523.0722,0
1212,AHT,Ahoolee,Ethash,True,PoW,,100000000
1213,RCC,Reality Clash,Ethash,True,PoW,24487944.0958204,24487944
1214,OXY,Oxycoin,DPoS,True,DPoS,1122382283.37,0
1215,Z2,Z2 Coin,SHA-256,False,PoW,,11000000
1216,KAPU,Kapu,DPoS,True,DPoS,,115000000
1217,GRFT,Graft Blockchain,CryptoNight,True,PoW/PoS,,1844674400
1218,MNZ,Monaize,Equihash,True,PoW/DPoW,,257142857
1219,AVE,Avesta,Avesta hash,False,PoW,,200000000
1220,XSB,Extreme Sportsbook,X11,False,PoS,,3000000
1221,SCRM,Scorum,DPoS,True,DPoS,,20000000
1222,LWF,Local World Forwarders,DPoS,True,DPoS,,100000000
1223,ILT,iOlite,Ethash,True,PoW,0.0,1000000000
1224,ADM,Adamant,DPoS,True,DPoS,,200000000
1225,UPX,uPlexa,CryptoNight,True,PoW,,10500000000
1226,TCH,TigerCash,SHA-256,True,PoS,1000000000.0,1000000000
1227,LAX,LAPO,Lyra2Z,False,PoW/PoS,11086825523.3769,100000000000
1228,TIP,Tip Blockchain,DPoS,True,PoS,,1000000000
1229,DTEP,DECOIN,X11,True,PoS,,140000000
1230,WAVES,Waves,Leased POS,True,LPoS,100000000.0,100000000
1231,PART,Particl,PoS,True,PoS,9283137.5558676,8634140
1232,SLX,Slate,Slatechain,True,PoW,,950000000
1233,SHARD,ShardCoin,Scrypt,False,PoS,24924986.0946492,900000000
1234,BTT,BitTorrent,TRC10,True,DPoS,989988713439.649,990000000000
1235,CHI,XAYA,NeoScrypt,True,PoW,,77303932
1236,ZILLA,ChainZilla,Equihash,False,DPoW,11000068.2715789,11000000
1237,NXT,Nxt,PoS,True,PoS/LPoS,1000000000.0,1000000000
1238,ZEPH,ZEPHYR,SHA-256,True,DPoS,1999999995.3056,2000000000
1239,XQN,Quotient,Scrypt,True,PoW/PoS,,0
1240,NETC,NetworkCoin,X13,True,PoW/PoS,,400000
1241,VPRC,VapersCoin,Scrypt,True,PoW,,42750000000
1242,GAP,Gapcoin,Scrypt,True,PoW/PoS,14931046.1546605,250000000
1243,SERO,Super Zero,Ethash,True,PoW,,1000000000
1244,UOS,UOS,SHA-256,True,DPoI,,1000000000
1245,BDX,Beldex,CryptoNight,True,PoW,980222595.0,1400222610
1246,ZEN,Horizen,Equihash,True,PoW,7296537.5,21000000
1247,XBC,BitcoinPlus,Scrypt,True,PoS,128326.99633965,1000000
1248,DVTC,DivotyCoin,Scrypt,False,PoW/PoS,21491213.4644496,100000000
1249,GIOT,Giotto Coin,Scrypt,False,PoW/PoS,,233100000
1250,OPSC,OpenSourceCoin,SHA-256,False,PoW/PoS,,21000000
1251,PUNK,SteamPunk,PoS,False,PoS,,40000000
